Age,Gender,Platform,Daily_Usage_Time (minutes),Posts_Per_Day,Likes_Received_Per_Day,Comments_Received_Per_Day,Messages_Sent_Per_Day,Dominant_Emotion,BMI Category,Occupation,Sleep Duration,Physical Activity Level,Social Media Addiction Score,Stress Impact Score,Stress Usage Index
30,Male,Twitter,90.0,5.0,20.0,25.0,30.0,Anger,Normal,Doctor,7.8,75,34.0,0.4473684210526316,10.227272727272727
33,Male,LinkedIn,45.0,1.0,5.0,2.0,10.0,Boredom,Normal,Doctor,6.0,30,12.6,0.4064516129032258,6.428571428571429
21,Male,Instagram,150.0,4.0,60.0,15.0,25.0,Happiness,Overweight,Software Engineer,6.1,42,50.8,1.1813953488372093,21.126760563380284
31,Male,Instagram,170.0,5.0,80.0,20.0,35.0,Happiness,Normal,Doctor,6.1,30,62.0,2.0,23.943661971830988
34,Male,LinkedIn,65.0,1.0,12.0,4.0,15.0,Boredom,Normal,Doctor,6.1,30,19.4,0.6258064516129032,9.15492957746479
28,Male,Twitter,100.0,6.0,40.0,23.0,28.0,Anger,Normal,Doctor,6.2,60,39.4,0.6459016393442623,13.88888888888889
27,Male,Twitter,90.0,3.0,33.0,15.0,25.0,Sadness,Obese,Software Engineer,5.9,30,33.2,1.070967741935484,13.043478260869565
26,Male,Facebook,75.0,2.0,25.0,10.0,18.0,Anxiety,Overweight,Software Engineer,6.1,42,26.0,0.6046511627906976,10.563380281690142
29,Male,LinkedIn,60.0,2.0,11.0,5.0,17.0,Boredom,Obese,Teacher,6.3,40,19.0,0.4634146341463415,8.219178082191782
31,Male,Facebook,80.0,2.0,18.0,8.0,21.0,Neutral,Normal,Doctor,7.6,75,25.8,0.3394736842105263,9.30232558139535
30,Male,Twitter,90.0,4.0,38.0,17.0,24.0,Anger,Normal,Doctor,7.8,75,34.6,0.45526315789473687,10.227272727272727
28,Male,Instagram,145.0,5.0,75.0,20.0,35.0,Happiness,Normal,Doctor,6.2,60,56.0,0.9180327868852459,20.13888888888889
29,Male,Facebook,65.0,2.0,22.0,8.0,20.0,Anxiety,Normal,Doctor,6.0,30,23.4,0.7548387096774193,9.285714285714286
27,Male,Twitter,85.0,4.0,35.0,15.0,20.0,Anger,Obese,Software Engineer,5.9,30,31.8,1.0258064516129033,12.318840579710145
31,Male,LinkedIn,45.0,1.0,6.0,2.0,9.0,Sadness,Normal,Doctor,7.6,75,12.6,0.16578947368421051,5.232558139534884
29,Male,Twitter,95.0,4.0,40.0,20.0,22.0,Anger,Normal,Doctor,6.1,30,36.2,1.167741935483871,13.380281690140846
30,Male,Instagram,175.0,7.0,85.0,23.0,38.0,Happiness,Normal,Doctor,7.9,75,65.6,0.863157894736842,19.662921348314605
32,Male,Instagram,130.0,5.0,70.0,19.0,31.0,Neutral,Normal,Doctor,6.0,30,51.0,1.6451612903225807,18.571428571428573
27,Male,Instagram,165.0,6.0,78.0,22.0,27.0,Happiness,Overweight,Software Engineer,6.1,42,59.6,1.386046511627907,23.23943661971831
31,Male,LinkedIn,60.0,1.0,10.0,3.0,17.0,Anxiety,Normal,Doctor,7.8,75,18.2,0.2394736842105263,6.8181818181818175
25,Male,Telegram,90.0,3.0,20.0,10.0,22.0,Boredom,Overweight,Software Engineer,6.1,42,29.0,0.6744186046511628,12.67605633802817
27,Male,Facebook,60.0,1.0,10.0,4.0,15.0,Boredom,Overweight,Software Engineer,6.1,42,18.0,0.4186046511627907,8.450704225352114
23,Male,Whatsapp,70.0,3.0,20.0,8.0,18.0,Anger,Normal,Doctor,6.2,60,23.8,0.39016393442622954,9.722222222222221
25,Male,Twitter,90.0,6.0,40.0,12.0,26.0,Sadness,Overweight,Software Engineer,6.1,42,34.8,0.8093023255813953,12.67605633802817
28,Male,Instagram,165.0,5.0,75.0,18.0,35.0,Happiness,Normal,Doctor,6.2,60,59.6,0.9770491803278689,22.916666666666668
27,Male,Telegram,105.0,3.0,45.0,15.0,28.0,Anxiety,Normal,Doctor,6.2,60,39.2,0.6426229508196721,14.583333333333332
35,Male,Twitter,70.0,1.0,12.0,7.0,10.0,Boredom,Normal,Engineer,7.3,60,20.0,0.32786885245901637,8.433734939759036
25,Male,Telegram,80.0,4.0,28.0,11.0,25.0,Neutral,Overweight,Software Engineer,6.1,42,29.6,0.6883720930232559,11.267605633802818
26,Male,Twitter,75.0,2.0,22.0,10.0,18.0,Sadness,Obese,Software Engineer,5.9,30,25.4,0.8193548387096774,10.869565217391305
31,Male,Telegram,50.0,2.0,18.0,6.0,12.0,Sadness,Normal,Doctor,7.7,75,17.6,0.23157894736842108,5.74712643678161
22,Male,Twitter,70.0,1.0,20.0,5.0,22.0,Neutral,Overweight,Software Engineer,6.1,42,23.6,0.5488372093023256,9.859154929577466
31,Male,Telegram,85.0,3.0,40.0,15.0,28.0,Sadness,Normal,Doctor,7.7,75,34.2,0.45,9.770114942528737
30,Male,Twitter,70.0,2.0,28.0,10.0,20.0,Anxiety,Normal,Doctor,7.9,75,26.0,0.34210526315789475,7.865168539325842
24,Male,Telegram,75.0,3.0,33.0,13.0,22.0,Neutral,Normal,Doctor,6.2,60,29.2,0.4786885245901639,10.416666666666666
26,Male,Instagram,150.0,5.0,65.0,20.0,30.0,Anxiety,Overweight,Software Engineer,6.1,42,54.0,1.255813953488372,21.126760563380284
35,Male,Whatsapp,110.0,3.0,45.0,20.0,25.0,Happiness,Overweight,Teacher,6.7,40,40.6,0.9902439024390244,14.285714285714285
30,Male,Twitter,90.0,4.0,30.0,20.0,22.0,Anger,Normal,Doctor,7.7,75,33.2,0.4368421052631579,10.344827586206897
33,Male,LinkedIn,45.0,1.0,10.0,5.0,12.0,Boredom,Normal,Doctor,6.0,30,14.6,0.47096774193548385,6.428571428571429
21,Male,Instagram,150.0,5.0,65.0,25.0,30.0,Happiness,Obese,Sales Representative,5.9,30,55.0,1.7741935483870968,21.73913043478261
31,Male,Instagram,170.0,7.0,90.0,35.0,40.0,Happiness,Normal,Doctor,7.7,75,68.4,0.9,19.540229885057474
34,Male,LinkedIn,65.0,1.0,14.0,6.0,15.0,Boredom,Normal,Doctor,6.0,30,20.2,0.6516129032258065,9.285714285714286
28,Male,Twitter,100.0,6.0,50.0,30.0,29.0,Anger,Obese,Sales Representative,5.9,30,43.0,1.3870967741935485,14.492753623188404
27,Male,Twitter,90.0,3.0,40.0,16.0,24.0,Sadness,Overweight,Software Engineer,6.1,42,34.6,0.8046511627906977,12.67605633802817
26,Male,Facebook,75.0,2.0,30.0,14.0,20.0,Anxiety,Overweight,Software Engineer,6.1,42,28.2,0.6558139534883721,10.563380281690142
29,Male,LinkedIn,60.0,2.0,17.0,8.0,15.0,Boredom,Normal,Doctor,7.8,75,20.4,0.26842105263157895,6.8181818181818175
31,Male,Facebook,80.0,2.0,20.0,10.0,20.0,Neutral,Normal,Doctor,7.7,75,26.4,0.34736842105263155,9.195402298850576
30,Male,Twitter,90.0,4.0,43.0,19.0,24.0,Anger,Normal,Doctor,7.9,75,36.0,0.47368421052631576,10.112359550561797
28,Male,Instagram,145.0,7.0,80.0,30.0,35.0,Happiness,Normal,Doctor,6.2,60,59.4,0.9737704918032787,20.13888888888889
29,Male,Facebook,65.0,2.0,27.0,11.0,22.0,Anxiety,Normal,Doctor,6.0,30,25.4,0.8193548387096774,9.285714285714286
27,Male,Twitter,85.0,4.0,45.0,18.0,24.0,Anger,Overweight,Software Engineer,6.1,42,35.2,0.8186046511627908,11.971830985915494
31,Male,LinkedIn,45.0,1.0,9.0,4.0,10.0,Sadness,Normal,Doctor,7.7,75,13.8,0.18157894736842106,5.172413793103448
29,Male,Twitter,95.0,4.0,50.0,22.0,22.0,Anger,Normal,Doctor,6.0,30,38.6,1.2451612903225806,13.571428571428571
30,Male,Instagram,175.0,7.0,100.0,33.0,38.0,Happiness,Normal,Doctor,7.8,75,70.6,0.9289473684210525,19.886363636363633
32,Male,Instagram,130.0,5.0,80.0,28.0,31.0,Neutral,Normal,Doctor,6.0,30,54.8,1.7677419354838708,18.571428571428573
27,Male,Instagram,165.0,6.0,85.0,30.0,28.0,Happiness,Overweight,Software Engineer,6.1,42,62.8,1.4604651162790696,23.23943661971831
31,Male,LinkedIn,60.0,1.0,15.0,7.0,17.0,Anxiety,Normal,Doctor,6.1,30,20.0,0.6451612903225806,8.450704225352114
25,Male,Telegram,90.0,3.0,22.0,11.0,22.0,Boredom,Overweight,Software Engineer,6.1,42,29.6,0.6883720930232559,12.67605633802817
27,Male,Facebook,60.0,1.0,12.0,5.0,15.0,Boredom,Overweight,Software Engineer,6.1,42,18.6,0.43255813953488376,8.450704225352114
23,Male,Whatsapp,70.0,3.0,22.0,10.0,18.0,Anger,Overweight,Software Engineer,6.1,42,24.6,0.572093023255814,9.859154929577466
25,Male,Twitter,90.0,6.0,42.0,14.0,26.0,Sadness,Overweight,Software Engineer,6.1,42,35.6,0.8279069767441861,12.67605633802817
28,Male,Instagram,165.0,5.0,78.0,23.0,35.0,Happiness,Obese,Sales Representative,5.9,30,61.2,1.974193548387097,23.913043478260867
27,Male,Telegram,105.0,3.0,48.0,20.0,28.0,Anxiety,Obese,Sales Representative,5.9,30,40.8,1.3161290322580643,15.217391304347826
35,Male,Twitter,70.0,1.0,13.0,8.0,10.0,Boredom,Normal Weight,Software Engineer,7.5,60,20.4,0.33442622950819667,8.235294117647058
25,Male,Telegram,80.0,4.0,30.0,13.0,25.0,Neutral,Obese,Sales Representative,5.9,30,30.4,0.9806451612903225,11.594202898550725
26,Male,Twitter,75.0,2.0,23.0,12.0,18.0,Sadness,Overweight,Software Engineer,6.1,42,26.0,0.6046511627906976,10.563380281690142
31,Male,Telegram,50.0,2.0,20.0,10.0,12.0,Sadness,Normal,Doctor,7.8,75,18.8,0.2473684210526316,5.681818181818182
22,Male,Twitter,70.0,1.0,22.0,7.0,22.0,Neutral,Overweight,Software Engineer,6.1,42,24.4,0.5674418604651162,9.859154929577466
31,Male,Telegram,85.0,3.0,45.0,20.0,28.0,Sadness,Normal,Doctor,7.7,75,36.2,0.47631578947368425,9.770114942528737
30,Male,Twitter,70.0,2.0,30.0,12.0,20.0,Anxiety,Normal,Doctor,7.9,75,26.8,0.3526315789473684,7.865168539325842
24,Male,Telegram,75.0,3.0,37.0,16.0,22.0,Neutral,Overweight,Software Engineer,6.1,42,30.6,0.7116279069767443,10.563380281690142
26,Male,Instagram,150.0,5.0,70.0,25.0,30.0,Anxiety,Overweight,Software Engineer,6.1,42,56.0,1.302325581395349,21.126760563380284
35,Male,Whatsapp,110.0,3.0,50.0,25.0,25.0,Happiness,Normal Weight,Software Engineer,7.5,60,42.6,0.6983606557377049,12.941176470588236
30,Male,Twitter,90.0,4.0,30.0,20.0,22.0,Anger,Normal,Doctor,7.9,75,33.2,0.4368421052631579,10.112359550561797
33,Male,LinkedIn,45.0,1.0,10.0,5.0,12.0,Boredom,Normal,Doctor,6.0,30,14.6,0.47096774193548385,6.428571428571429
21,Male,Instagram,150.0,5.0,65.0,25.0,30.0,Happiness,Normal,Doctor,6.2,60,55.0,0.9016393442622951,20.833333333333332
31,Male,Instagram,170.0,7.0,90.0,35.0,40.0,Happiness,Normal,Doctor,7.7,75,68.4,0.9,19.540229885057474
34,Male,LinkedIn,65.0,1.0,14.0,6.0,15.0,Boredom,Normal,Doctor,6.0,30,20.2,0.6516129032258065,9.285714285714286
28,Male,Twitter,100.0,6.0,50.0,30.0,29.0,Anger,Obese,Software Engineer,5.9,30,43.0,1.3870967741935485,14.492753623188404
27,Male,Twitter,90.0,3.0,40.0,16.0,24.0,Sadness,Overweight,Software Engineer,6.1,42,34.6,0.8046511627906977,12.67605633802817
26,Male,Facebook,75.0,2.0,30.0,14.0,20.0,Anxiety,Overweight,Software Engineer,6.1,42,28.2,0.6558139534883721,10.563380281690142
29,Male,LinkedIn,60.0,2.0,17.0,8.0,15.0,Boredom,Normal,Doctor,7.8,75,20.4,0.26842105263157895,6.8181818181818175
31,Male,Facebook,80.0,2.0,20.0,10.0,20.0,Neutral,Normal,Doctor,7.6,75,26.4,0.34736842105263155,9.30232558139535
30,Male,Twitter,90.0,4.0,43.0,19.0,24.0,Anger,Normal,Doctor,7.9,75,36.0,0.47368421052631576,10.112359550561797
28,Male,Instagram,145.0,7.0,80.0,30.0,35.0,Happiness,Normal,Doctor,6.2,60,59.4,0.9737704918032787,20.13888888888889
29,Male,Facebook,65.0,2.0,27.0,11.0,22.0,Anxiety,Normal,Doctor,7.8,75,25.4,0.33421052631578946,7.386363636363636
27,Male,Twitter,85.0,4.0,45.0,18.0,24.0,Anger,Overweight,Software Engineer,6.1,42,35.2,0.8186046511627908,11.971830985915494
31,Male,LinkedIn,45.0,1.0,9.0,4.0,10.0,Sadness,Normal,Doctor,7.7,75,13.8,0.18157894736842106,5.172413793103448
29,Male,Twitter,95.0,4.0,50.0,22.0,22.0,Anger,Normal,Doctor,6.1,30,38.6,1.2451612903225806,13.380281690140846
30,Male,Instagram,175.0,7.0,100.0,33.0,38.0,Happiness,Normal,Doctor,7.8,75,70.6,0.9289473684210525,19.886363636363633
32,Male,Instagram,130.0,5.0,80.0,28.0,31.0,Neutral,Normal,Doctor,7.7,75,54.8,0.7210526315789473,14.942528735632186
30,Male,Twitter,70.0,2.0,30.0,12.0,20.0,Anxiety,Normal,Doctor,7.8,75,26.8,0.3526315789473684,7.954545454545454
24,Male,Telegram,75.0,3.0,37.0,16.0,22.0,Neutral,Overweight,Software Engineer,6.1,42,30.6,0.7116279069767443,10.563380281690142
26,Male,Instagram,150.0,5.0,70.0,25.0,30.0,Anxiety,Normal,Doctor,6.2,60,56.0,0.9180327868852459,20.833333333333332
35,Male,Whatsapp,110.0,3.0,50.0,25.0,25.0,Happiness,Overweight,Teacher,6.7,40,42.6,1.0390243902439025,14.285714285714285
30,Male,Twitter,90.0,4.0,30.0,20.0,22.0,Anger,Normal,Doctor,7.7,75,33.2,0.4368421052631579,10.344827586206897
33,Male,LinkedIn,45.0,1.0,10.0,5.0,12.0,Boredom,Normal,Doctor,6.1,30,14.6,0.47096774193548385,6.338028169014085
21,Male,Instagram,150.0,5.0,65.0,25.0,30.0,Happiness,Overweight,Software Engineer,6.1,42,55.0,1.2790697674418605,21.126760563380284
31,Male,Instagram,170.0,7.0,90.0,35.0,40.0,Happiness,Normal,Doctor,7.7,75,68.4,0.9,19.540229885057474
34,Male,LinkedIn,65.0,1.0,14.0,6.0,15.0,Boredom,Normal,Doctor,6.0,30,20.2,0.6516129032258065,9.285714285714286
28,Male,Twitter,100.0,6.0,50.0,30.0,29.0,Anger,Obese,Software Engineer,5.9,30,43.0,1.3870967741935485,14.492753623188404
27,Male,Twitter,90.0,3.0,40.0,16.0,24.0,Sadness,Obese,Sales Representative,5.9,30,34.6,1.1161290322580646,13.043478260869565
26,Male,Facebook,75.0,2.0,30.0,14.0,20.0,Anxiety,Overweight,Software Engineer,6.1,42,28.2,0.6558139534883721,10.563380281690142
29,Male,LinkedIn,60.0,2.0,17.0,8.0,15.0,Boredom,Normal,Doctor,7.8,75,20.4,0.26842105263157895,6.8181818181818175
31,Male,Facebook,80.0,2.0,20.0,10.0,20.0,Neutral,Normal,Doctor,7.6,75,26.4,0.34736842105263155,9.30232558139535
30,Male,Twitter,90.0,4.0,43.0,19.0,24.0,Anger,Normal,Doctor,7.8,75,36.0,0.47368421052631576,10.227272727272727
28,Male,Instagram,145.0,7.0,80.0,30.0,35.0,Happiness,Normal,Doctor,6.2,60,59.4,0.9737704918032787,20.13888888888889
29,Male,Facebook,65.0,2.0,27.0,11.0,22.0,Anxiety,Normal,Doctor,7.8,75,25.4,0.33421052631578946,7.386363636363636
27,Male,Twitter,85.0,4.0,45.0,18.0,24.0,Anger,Normal,Doctor,6.2,60,35.2,0.5770491803278689,11.805555555555555
31,Male,LinkedIn,45.0,1.0,9.0,4.0,10.0,Sadness,Normal,Doctor,7.7,75,13.8,0.18157894736842106,5.172413793103448
29,Male,Twitter,95.0,4.0,50.0,22.0,22.0,Anger,Normal,Doctor,6.0,30,38.6,1.2451612903225806,13.571428571428571
30,Male,Instagram,175.0,7.0,100.0,33.0,38.0,Happiness,Normal,Doctor,7.9,75,70.6,0.9289473684210525,19.662921348314605
32,Male,Instagram,130.0,5.0,80.0,28.0,31.0,Neutral,Normal,Doctor,6.2,30,54.8,1.7677419354838708,18.055555555555554
27,Male,Instagram,165.0,6.0,85.0,30.0,28.0,Happiness,Normal,Doctor,6.2,60,62.8,1.0295081967213113,22.916666666666668
31,Male,LinkedIn,60.0,1.0,15.0,7.0,17.0,Anxiety,Normal,Doctor,7.7,75,20.0,0.2631578947368421,6.8965517241379315
25,Male,Telegram,90.0,3.0,22.0,11.0,22.0,Boredom,Overweight,Software Engineer,6.1,42,29.6,0.6883720930232559,12.67605633802817
27,Male,Facebook,60.0,1.0,12.0,5.0,15.0,Boredom,Normal,Doctor,6.2,60,18.6,0.3049180327868853,8.333333333333334
23,Male,Whatsapp,70.0,3.0,22.0,10.0,18.0,Anger,Normal,Doctor,6.2,60,24.6,0.4032786885245902,9.722222222222221
25,Male,Twitter,90.0,6.0,42.0,14.0,26.0,Sadness,Normal,Doctor,6.2,60,35.6,0.5836065573770493,12.5
28,Male,Instagram,165.0,5.0,78.0,23.0,35.0,Happiness,Obese,Sales Representative,5.9,30,61.2,1.974193548387097,23.913043478260867
27,Male,Telegram,105.0,3.0,48.0,20.0,28.0,Anxiety,Overweight,Software Engineer,6.1,42,40.8,0.9488372093023255,14.788732394366198
35,Male,Twitter,70.0,1.0,13.0,8.0,10.0,Boredom,Normal Weight,Software Engineer,7.5,60,20.4,0.33442622950819667,8.235294117647058
25,Male,Telegram,80.0,4.0,30.0,13.0,25.0,Neutral,Normal,Doctor,6.2,60,30.4,0.4983606557377049,11.11111111111111
26,Male,Twitter,75.0,2.0,23.0,12.0,18.0,Sadness,Overweight,Software Engineer,6.1,42,26.0,0.6046511627906976,10.563380281690142
31,Male,Telegram,50.0,2.0,20.0,10.0,12.0,Sadness,Normal,Doctor,7.8,75,18.8,0.2473684210526316,5.681818181818182
22,Male,Twitter,70.0,1.0,22.0,7.0,22.0,Neutral,Overweight,Software Engineer,6.1,42,24.4,0.5674418604651162,9.859154929577466
31,Male,Telegram,85.0,3.0,45.0,20.0,28.0,Sadness,Normal,Doctor,6.1,30,36.2,1.167741935483871,11.971830985915494
30,Male,Twitter,70.0,2.0,30.0,12.0,20.0,Anxiety,Normal,Doctor,7.8,75,26.8,0.3526315789473684,7.954545454545454
24,Male,Telegram,75.0,3.0,37.0,16.0,22.0,Neutral,Overweight,Software Engineer,6.1,42,30.6,0.7116279069767443,10.563380281690142
26,Male,Instagram,150.0,5.0,70.0,25.0,30.0,Anxiety,Overweight,Software Engineer,6.1,42,56.0,1.302325581395349,21.126760563380284
35,Male,Whatsapp,110.0,3.0,50.0,25.0,25.0,Happiness,Normal Weight,Software Engineer,7.5,60,42.6,0.6983606557377049,12.941176470588236
30,Male,Twitter,90.0,4.0,30.0,20.0,22.0,Anger,Normal,Doctor,7.9,75,33.2,0.4368421052631579,10.112359550561797
33,Male,LinkedIn,45.0,1.0,10.0,5.0,12.0,Boredom,Normal,Doctor,6.0,30,14.6,0.47096774193548385,6.428571428571429
21,Male,Instagram,150.0,5.0,65.0,25.0,30.0,Happiness,Obese,Sales Representative,5.9,30,55.0,1.7741935483870968,21.73913043478261
31,Male,Instagram,170.0,7.0,90.0,35.0,40.0,Happiness,Normal,Doctor,6.1,30,68.4,2.206451612903226,23.943661971830988
34,Male,LinkedIn,65.0,1.0,14.0,6.0,15.0,Boredom,Normal,Doctor,6.1,30,20.2,0.6516129032258065,9.15492957746479
28,Male,Twitter,100.0,6.0,50.0,30.0,29.0,Anger,Obese,Software Engineer,5.9,30,43.0,1.3870967741935485,14.492753623188404
27,Male,Twitter,90.0,3.0,40.0,16.0,24.0,Sadness,Overweight,Software Engineer,6.1,42,34.6,0.8046511627906977,12.67605633802817
26,Male,Facebook,75.0,2.0,30.0,14.0,20.0,Anxiety,Overweight,Software Engineer,6.1,42,28.2,0.6558139534883721,10.563380281690142
29,Male,LinkedIn,60.0,2.0,17.0,8.0,15.0,Boredom,Normal,Doctor,7.8,75,20.4,0.26842105263157895,6.8181818181818175
31,Male,Facebook,80.0,2.0,20.0,10.0,20.0,Neutral,Normal,Doctor,7.8,75,26.4,0.34736842105263155,9.09090909090909
30,Male,Twitter,90.0,4.0,43.0,19.0,24.0,Anger,Normal,Doctor,7.7,75,36.0,0.47368421052631576,10.344827586206897
28,Male,Instagram,145.0,7.0,80.0,30.0,35.0,Happiness,Obese,Software Engineer,5.9,30,59.4,1.9161290322580644,21.014492753623188
29,Male,Facebook,65.0,2.0,27.0,11.0,22.0,Anxiety,Normal,Doctor,7.8,75,25.4,0.33421052631578946,7.386363636363636
27,Male,Twitter,85.0,4.0,45.0,18.0,24.0,Anger,Overweight,Software Engineer,6.1,42,35.2,0.8186046511627908,11.971830985915494
31,Male,LinkedIn,45.0,1.0,9.0,4.0,10.0,Sadness,Normal,Doctor,7.7,75,13.8,0.18157894736842106,5.172413793103448
29,Male,Twitter,95.0,4.0,50.0,22.0,22.0,Anger,Normal,Doctor,7.8,75,38.6,0.5078947368421053,10.795454545454545
30,Male,Instagram,175.0,7.0,100.0,33.0,38.0,Happiness,Normal,Doctor,7.9,75,70.6,0.9289473684210525,19.662921348314605
32,Male,Instagram,130.0,5.0,80.0,28.0,31.0,Neutral,Normal,Doctor,6.0,30,54.8,1.7677419354838708,18.571428571428573
27,Male,Instagram,165.0,6.0,85.0,30.0,28.0,Happiness,Normal,Doctor,6.2,60,62.8,1.0295081967213113,22.916666666666668
31,Male,LinkedIn,60.0,1.0,15.0,7.0,17.0,Anxiety,Normal,Doctor,6.1,30,20.0,0.6451612903225806,8.450704225352114
25,Male,Telegram,90.0,3.0,22.0,11.0,22.0,Boredom,Overweight,Software Engineer,6.1,42,29.6,0.6883720930232559,12.67605633802817
27,Male,Facebook,60.0,1.0,12.0,5.0,15.0,Boredom,Overweight,Software Engineer,6.1,42,18.6,0.43255813953488376,8.450704225352114
23,Male,Whatsapp,70.0,3.0,22.0,10.0,18.0,Anger,Overweight,Software Engineer,6.1,42,24.6,0.572093023255814,9.859154929577466
25,Male,Twitter,90.0,6.0,42.0,14.0,26.0,Sadness,Overweight,Software Engineer,6.1,42,35.6,0.8279069767441861,12.67605633802817
28,Male,Instagram,165.0,5.0,78.0,23.0,35.0,Happiness,Normal,Doctor,6.2,60,61.2,1.0032786885245901,22.916666666666668
27,Male,Telegram,105.0,3.0,48.0,20.0,28.0,Anxiety,Overweight,Software Engineer,6.1,42,40.8,0.9488372093023255,14.788732394366198
35,Male,Twitter,70.0,1.0,13.0,8.0,10.0,Boredom,Normal,Engineer,7.2,60,20.4,0.33442622950819667,8.536585365853659
25,Male,Telegram,80.0,4.0,30.0,13.0,25.0,Neutral,Obese,Software Engineer,5.9,30,30.4,0.9806451612903225,11.594202898550725
26,Male,Twitter,75.0,2.0,23.0,12.0,18.0,Sadness,Overweight,Software Engineer,6.1,42,26.0,0.6046511627906976,10.563380281690142
31,Male,Telegram,50.0,2.0,20.0,10.0,12.0,Sadness,Normal,Doctor,7.7,75,18.8,0.2473684210526316,5.74712643678161
22,Male,Twitter,70.0,1.0,22.0,7.0,22.0,Neutral,Overweight,Software Engineer,6.1,42,24.4,0.5674418604651162,9.859154929577466
31,Male,Telegram,85.0,3.0,45.0,20.0,28.0,Sadness,Normal,Doctor,7.6,75,36.2,0.47631578947368425,9.883720930232558
30,Male,Twitter,70.0,2.0,30.0,12.0,20.0,Anxiety,Normal,Doctor,7.7,75,26.8,0.3526315789473684,8.045977011494253
24,Male,Telegram,75.0,3.0,37.0,16.0,22.0,Neutral,Overweight,Software Engineer,6.1,42,30.6,0.7116279069767443,10.563380281690142
26,Male,Instagram,150.0,5.0,70.0,25.0,30.0,Anxiety,Normal,Doctor,6.2,60,56.0,0.9180327868852459,20.833333333333332
35,Male,Whatsapp,110.0,3.0,50.0,25.0,25.0,Happiness,Overweight,Teacher,6.7,40,42.6,1.0390243902439025,14.285714285714285
30,Male,Twitter,90.0,4.0,30.0,20.0,22.0,Anger,Normal,Doctor,7.7,75,33.2,0.4368421052631579,10.344827586206897
33,Male,LinkedIn,45.0,1.0,10.0,5.0,12.0,Boredom,Normal,Doctor,6.1,30,14.6,0.47096774193548385,6.338028169014085
21,Male,Instagram,150.0,5.0,65.0,25.0,30.0,Happiness,Obese,Software Engineer,5.9,30,55.0,1.7741935483870968,21.73913043478261
31,Male,Instagram,170.0,7.0,90.0,35.0,40.0,Happiness,Normal,Doctor,7.6,75,68.4,0.9,19.767441860465116
34,Male,LinkedIn,65.0,1.0,14.0,6.0,15.0,Boredom,Normal,Doctor,6.1,30,20.2,0.6516129032258065,9.15492957746479
28,Male,Twitter,100.0,6.0,50.0,30.0,29.0,Anger,Obese,Software Engineer,5.9,30,43.0,1.3870967741935485,14.492753623188404
27,Male,Twitter,90.0,3.0,40.0,16.0,24.0,Sadness,Overweight,Software Engineer,6.1,42,34.6,0.8046511627906977,12.67605633802817
26,Male,Facebook,75.0,2.0,30.0,14.0,20.0,Anxiety,Overweight,Software Engineer,6.1,42,28.2,0.6558139534883721,10.563380281690142
29,Male,LinkedIn,60.0,2.0,17.0,8.0,15.0,Boredom,Normal,Doctor,6.0,30,20.4,0.6580645161290322,8.571428571428571
31,Male,Facebook,80.0,2.0,20.0,10.0,20.0,Neutral,Normal,Doctor,6.1,30,26.4,0.8516129032258064,11.267605633802818
30,Male,Twitter,90.0,4.0,43.0,19.0,24.0,Anger,Normal,Doctor,7.6,75,36.0,0.47368421052631576,10.465116279069768
28,Male,Instagram,145.0,7.0,80.0,30.0,35.0,Happiness,Obese,Sales Representative,5.9,30,59.4,1.9161290322580644,21.014492753623188
29,Male,Facebook,65.0,2.0,27.0,11.0,22.0,Anxiety,Normal,Doctor,6.0,30,25.4,0.8193548387096774,9.285714285714286
27,Male,Twitter,85.0,4.0,45.0,18.0,24.0,Anger,Obese,Software Engineer,5.9,30,35.2,1.135483870967742,12.318840579710145
31,Male,LinkedIn,45.0,1.0,9.0,4.0,10.0,Sadness,Normal,Doctor,7.7,75,13.8,0.18157894736842106,5.172413793103448
29,Male,Twitter,95.0,4.0,50.0,22.0,22.0,Anger,Normal,Doctor,7.8,75,38.6,0.5078947368421053,10.795454545454545
30,Male,Instagram,175.0,7.0,100.0,33.0,38.0,Happiness,Normal,Doctor,7.7,75,70.6,0.9289473684210525,20.114942528735632
32,Male,Instagram,130.0,5.0,80.0,28.0,31.0,Neutral,Normal,Doctor,6.0,30,54.8,1.7677419354838708,18.571428571428573
27,Male,Instagram,165.0,6.0,85.0,30.0,28.0,Happiness,Overweight,Software Engineer,6.1,42,62.8,1.4604651162790696,23.23943661971831
31,Male,LinkedIn,60.0,1.0,15.0,7.0,17.0,Anxiety,Normal,Doctor,7.7,75,20.0,0.2631578947368421,6.8965517241379315
25,Male,Telegram,90.0,3.0,22.0,11.0,22.0,Boredom,Obese,Sales Representative,5.9,30,29.6,0.9548387096774194,13.043478260869565
27,Male,Facebook,60.0,1.0,12.0,5.0,15.0,Boredom,Overweight,Software Engineer,6.1,42,18.6,0.43255813953488376,8.450704225352114
23,Male,Whatsapp,70.0,3.0,22.0,10.0,18.0,Anger,Overweight,Software Engineer,6.1,42,24.6,0.572093023255814,9.859154929577466
25,Male,Twitter,90.0,6.0,42.0,14.0,26.0,Sadness,Obese,Sales Representative,5.9,30,35.6,1.1483870967741936,13.043478260869565
28,Male,Instagram,165.0,5.0,78.0,23.0,35.0,Happiness,Obese,Sales Representative,5.9,30,61.2,1.974193548387097,23.913043478260867
27,Male,Telegram,105.0,3.0,48.0,20.0,28.0,Anxiety,Overweight,Software Engineer,6.1,42,40.8,0.9488372093023255,14.788732394366198
35,Male,Twitter,70.0,1.0,13.0,8.0,10.0,Boredom,Normal Weight,Software Engineer,7.5,60,20.4,0.33442622950819667,8.235294117647058
25,Male,Telegram,80.0,4.0,30.0,13.0,25.0,Neutral,Overweight,Software Engineer,6.1,42,30.4,0.7069767441860465,11.267605633802818
26,Male,Twitter,75.0,2.0,23.0,12.0,18.0,Sadness,Overweight,Software Engineer,6.1,42,26.0,0.6046511627906976,10.563380281690142
31,Male,Telegram,50.0,2.0,20.0,10.0,12.0,Sadness,Normal,Doctor,7.6,75,18.8,0.2473684210526316,5.813953488372094
22,Male,Twitter,70.0,1.0,22.0,7.0,22.0,Neutral,Overweight,Software Engineer,6.1,42,24.4,0.5674418604651162,9.859154929577466
31,Male,Telegram,85.0,3.0,45.0,20.0,28.0,Sadness,Normal,Doctor,7.6,75,36.2,0.47631578947368425,9.883720930232558
30,Male,Twitter,70.0,2.0,30.0,12.0,20.0,Anxiety,Normal,Doctor,7.6,75,26.8,0.3526315789473684,8.13953488372093
24,Male,Telegram,75.0,3.0,37.0,16.0,22.0,Neutral,Overweight,Software Engineer,6.1,42,30.6,0.7116279069767443,10.563380281690142
26,Male,Instagram,150.0,5.0,70.0,25.0,30.0,Anxiety,Obese,Sales Representative,5.9,30,56.0,1.8064516129032258,21.73913043478261
35,Male,Whatsapp,110.0,3.0,50.0,25.0,25.0,Happiness,Normal,Engineer,7.2,60,42.6,0.6983606557377049,13.414634146341465
30,Male,Twitter,90.0,4.0,30.0,20.0,22.0,Anger,Normal,Doctor,7.9,75,33.2,0.4368421052631579,10.112359550561797
33,Male,LinkedIn,45.0,1.0,10.0,5.0,12.0,Boredom,Normal,Doctor,6.1,30,14.6,0.47096774193548385,6.338028169014085
21,Male,Instagram,150.0,5.0,65.0,25.0,30.0,Happiness,Obese,Sales Representative,5.9,30,55.0,1.7741935483870968,21.73913043478261
31,Male,Instagram,170.0,7.0,90.0,35.0,40.0,Happiness,Normal,Doctor,7.7,75,68.4,0.9,19.540229885057474
34,Male,LinkedIn,65.0,1.0,14.0,6.0,15.0,Boredom,Normal,Doctor,6.1,30,20.2,0.6516129032258065,9.15492957746479
28,Male,Twitter,100.0,6.0,50.0,30.0,29.0,Anger,Obese,Sales Representative,5.9,30,43.0,1.3870967741935485,14.492753623188404
27,Male,Twitter,90.0,3.0,40.0,16.0,24.0,Sadness,Overweight,Software Engineer,6.1,42,34.6,0.8046511627906977,12.67605633802817
26,Male,Facebook,75.0,2.0,30.0,14.0,20.0,Anxiety,Overweight,Software Engineer,6.1,42,28.2,0.6558139534883721,10.563380281690142
29,Male,LinkedIn,60.0,2.0,17.0,8.0,15.0,Boredom,Normal,Doctor,7.8,75,20.4,0.26842105263157895,6.8181818181818175
31,Male,Facebook,80.0,2.0,20.0,10.0,20.0,Neutral,Normal,Doctor,6.1,30,26.4,0.8516129032258064,11.267605633802818
30,Male,Twitter,90.0,4.0,43.0,19.0,24.0,Anger,Normal,Doctor,7.9,75,36.0,0.47368421052631576,10.112359550561797
28,Male,Instagram,145.0,7.0,80.0,30.0,35.0,Happiness,Normal,Doctor,6.2,60,59.4,0.9737704918032787,20.13888888888889
29,Male,Facebook,65.0,2.0,27.0,11.0,22.0,Anxiety,Normal,Doctor,6.1,30,25.4,0.8193548387096774,9.15492957746479
27,Male,Twitter,85.0,4.0,45.0,18.0,24.0,Anger,Overweight,Software Engineer,6.1,42,35.2,0.8186046511627908,11.971830985915494
31,Male,LinkedIn,45.0,1.0,9.0,4.0,10.0,Sadness,Normal,Doctor,7.7,75,13.8,0.18157894736842106,5.172413793103448
29,Male,Twitter,95.0,4.0,50.0,22.0,22.0,Anger,Normal,Doctor,6.1,30,38.6,1.2451612903225806,13.380281690140846
30,Male,Instagram,175.0,7.0,100.0,33.0,38.0,Happiness,Normal,Doctor,7.9,75,70.6,0.9289473684210525,19.662921348314605
32,Male,Instagram,130.0,5.0,80.0,28.0,31.0,Neutral,Normal,Doctor,7.7,75,54.8,0.7210526315789473,14.942528735632186
27,Male,Instagram,165.0,6.0,85.0,30.0,28.0,Happiness,Overweight,Software Engineer,6.1,42,62.8,1.4604651162790696,23.23943661971831
31,Male,LinkedIn,60.0,1.0,15.0,7.0,17.0,Anxiety,Normal,Doctor,7.7,75,20.0,0.2631578947368421,6.8965517241379315
25,Male,Telegram,90.0,3.0,22.0,11.0,22.0,Boredom,Overweight,Software Engineer,6.1,42,29.6,0.6883720930232559,12.67605633802817
27,Male,Facebook,60.0,1.0,12.0,5.0,15.0,Boredom,Overweight,Software Engineer,6.1,42,18.6,0.43255813953488376,8.450704225352114
23,Male,Whatsapp,70.0,3.0,22.0,10.0,18.0,Anger,Overweight,Software Engineer,6.1,42,24.6,0.572093023255814,9.859154929577466
25,Male,Twitter,90.0,6.0,42.0,14.0,26.0,Sadness,Overweight,Software Engineer,6.1,42,35.6,0.8279069767441861,12.67605633802817
28,Male,Instagram,165.0,5.0,78.0,23.0,35.0,Happiness,Normal,Doctor,6.2,60,61.2,1.0032786885245901,22.916666666666668
27,Male,Telegram,105.0,3.0,48.0,20.0,28.0,Anxiety,Overweight,Software Engineer,6.1,42,40.8,0.9488372093023255,14.788732394366198
35,Male,Twitter,70.0,1.0,13.0,8.0,10.0,Boredom,Normal,Engineer,7.3,60,20.4,0.33442622950819667,8.433734939759036
25,Male,Telegram,80.0,4.0,30.0,13.0,25.0,Neutral,Overweight,Software Engineer,6.1,42,30.4,0.7069767441860465,11.267605633802818
26,Male,Twitter,75.0,2.0,23.0,12.0,18.0,Sadness,Obese,Sales Representative,5.9,30,26.0,0.8387096774193549,10.869565217391305
31,Male,Telegram,50.0,2.0,20.0,10.0,12.0,Sadness,Normal,Doctor,6.1,30,18.8,0.6064516129032258,7.042253521126761
22,Male,Twitter,70.0,1.0,22.0,7.0,22.0,Neutral,Obese,Sales Representative,5.9,30,24.4,0.7870967741935483,10.144927536231883
31,Male,Telegram,85.0,3.0,45.0,20.0,28.0,Sadness,Normal,Doctor,7.7,75,36.2,0.47631578947368425,9.770114942528737
30,Male,Twitter,70.0,2.0,30.0,12.0,20.0,Anxiety,Normal,Doctor,7.9,75,26.8,0.3526315789473684,7.865168539325842
24,Male,Telegram,75.0,3.0,37.0,16.0,22.0,Neutral,Overweight,Software Engineer,6.1,42,30.6,0.7116279069767443,10.563380281690142
26,Male,Instagram,150.0,5.0,70.0,25.0,30.0,Anxiety,Normal,Doctor,6.2,60,56.0,0.9180327868852459,20.833333333333332
35,Male,Whatsapp,110.0,3.0,50.0,25.0,25.0,Happiness,Obese,Lawyer,7.4,60,42.6,0.6983606557377049,13.095238095238095
30,Male,Twitter,90.0,4.0,30.0,20.0,22.0,Anger,Normal,Doctor,7.9,75,33.2,0.4368421052631579,10.112359550561797
33,Male,LinkedIn,45.0,1.0,10.0,5.0,12.0,Boredom,Normal,Doctor,6.0,30,14.6,0.47096774193548385,6.428571428571429
21,Male,Instagram,150.0,5.0,65.0,25.0,30.0,Happiness,Overweight,Software Engineer,6.1,42,55.0,1.2790697674418605,21.126760563380284
31,Male,Instagram,170.0,7.0,90.0,35.0,40.0,Happiness,Normal,Doctor,7.7,75,68.4,0.9,19.540229885057474
34,Male,LinkedIn,65.0,1.0,14.0,6.0,15.0,Boredom,Normal,Doctor,6.1,30,20.2,0.6516129032258065,9.15492957746479
28,Male,Twitter,100.0,6.0,50.0,30.0,29.0,Anger,Obese,Sales Representative,5.9,30,43.0,1.3870967741935485,14.492753623188404
27,Male,Twitter,90.0,3.0,40.0,16.0,24.0,Sadness,Overweight,Software Engineer,6.1,42,34.6,0.8046511627906977,12.67605633802817
26,Male,Facebook,75.0,2.0,30.0,14.0,20.0,Anxiety,Normal,Doctor,6.2,60,28.2,0.4622950819672131,10.416666666666666
29,Male,LinkedIn,60.0,2.0,17.0,8.0,15.0,Boredom,Normal,Doctor,6.0,30,20.4,0.6580645161290322,8.571428571428571
31,Male,Facebook,80.0,2.0,20.0,10.0,20.0,Neutral,Normal,Doctor,7.7,75,26.4,0.34736842105263155,9.195402298850576
30,Male,Twitter,90.0,4.0,43.0,19.0,24.0,Anger,Normal,Doctor,7.7,75,36.0,0.47368421052631576,10.344827586206897
28,Male,Instagram,145.0,7.0,80.0,30.0,35.0,Happiness,Obese,Sales Representative,5.9,30,59.4,1.9161290322580644,21.014492753623188
29,Male,Facebook,65.0,2.0,27.0,11.0,22.0,Anxiety,Normal,Doctor,6.0,30,25.4,0.8193548387096774,9.285714285714286
27,Male,Twitter,85.0,4.0,45.0,18.0,24.0,Anger,Overweight,Software Engineer,6.1,42,35.2,0.8186046511627908,11.971830985915494
31,Male,LinkedIn,45.0,1.0,9.0,4.0,10.0,Sadness,Normal,Doctor,7.7,75,13.8,0.18157894736842106,5.172413793103448
29,Male,Twitter,95.0,4.0,50.0,22.0,22.0,Anger,Normal,Doctor,7.8,75,38.6,0.5078947368421053,10.795454545454545
30,Male,Instagram,175.0,7.0,100.0,33.0,38.0,Happiness,Normal,Doctor,7.6,75,70.6,0.9289473684210525,20.348837209302328
32,Male,Instagram,130.0,5.0,80.0,28.0,31.0,Neutral,Normal,Doctor,6.2,30,54.8,1.7677419354838708,18.055555555555554
30,Male,Twitter,70.0,2.0,30.0,12.0,20.0,Anxiety,Normal,Doctor,7.7,75,26.8,0.3526315789473684,8.045977011494253
24,Male,Telegram,75.0,3.0,37.0,16.0,22.0,Neutral,Obese,Sales Representative,5.9,30,30.6,0.9870967741935485,10.869565217391305
26,Male,Instagram,150.0,5.0,70.0,25.0,30.0,Anxiety,Overweight,Software Engineer,6.1,42,56.0,1.302325581395349,21.126760563380284
35,Male,Whatsapp,110.0,3.0,50.0,25.0,25.0,Happiness,Normal,Engineer,7.2,60,42.6,0.6983606557377049,13.414634146341465
30,Male,Twitter,90.0,4.0,30.0,20.0,22.0,Anger,Normal,Doctor,7.7,75,33.2,0.4368421052631579,10.344827586206897
33,Male,LinkedIn,45.0,1.0,10.0,5.0,12.0,Boredom,Normal,Doctor,6.1,30,14.6,0.47096774193548385,6.338028169014085
21,Male,Instagram,150.0,5.0,65.0,25.0,30.0,Happiness,Overweight,Software Engineer,6.1,42,55.0,1.2790697674418605,21.126760563380284
31,Male,Instagram,170.0,7.0,90.0,35.0,40.0,Happiness,Normal,Doctor,7.7,75,68.4,0.9,19.540229885057474
34,Male,LinkedIn,65.0,1.0,14.0,6.0,15.0,Boredom,Normal,Doctor,6.1,30,20.2,0.6516129032258065,9.15492957746479
28,Male,Twitter,100.0,6.0,50.0,30.0,29.0,Anger,Obese,Sales Representative,5.9,30,43.0,1.3870967741935485,14.492753623188404
27,Male,Twitter,90.0,3.0,40.0,16.0,24.0,Sadness,Overweight,Software Engineer,6.1,42,34.6,0.8046511627906977,12.67605633802817
26,Male,Facebook,75.0,2.0,30.0,14.0,20.0,Anxiety,Overweight,Software Engineer,6.1,42,28.2,0.6558139534883721,10.563380281690142
29,Male,LinkedIn,60.0,2.0,17.0,8.0,15.0,Boredom,Normal,Doctor,6.1,30,20.4,0.6580645161290322,8.450704225352114
31,Male,Facebook,80.0,2.0,20.0,10.0,20.0,Neutral,Normal,Doctor,7.7,75,26.4,0.34736842105263155,9.195402298850576
30,Male,Twitter,90.0,4.0,43.0,19.0,24.0,Anger,Normal,Doctor,7.7,75,36.0,0.47368421052631576,10.344827586206897
28,Male,Instagram,145.0,7.0,80.0,30.0,35.0,Happiness,Normal,Doctor,6.2,60,59.4,0.9737704918032787,20.13888888888889
29,Male,Facebook,65.0,2.0,27.0,11.0,22.0,Anxiety,Normal,Doctor,6.0,30,25.4,0.8193548387096774,9.285714285714286
27,Male,Twitter,85.0,4.0,45.0,18.0,24.0,Anger,Obese,Sales Representative,5.9,30,35.2,1.135483870967742,12.318840579710145
31,Male,LinkedIn,45.0,1.0,9.0,4.0,10.0,Sadness,Normal,Doctor,7.6,75,13.8,0.18157894736842106,5.232558139534884
29,Male,Twitter,95.0,4.0,50.0,22.0,22.0,Anger,Normal,Doctor,7.8,75,38.6,0.5078947368421053,10.795454545454545
30,Male,Instagram,175.0,7.0,100.0,33.0,38.0,Happiness,Normal,Doctor,7.9,75,70.6,0.9289473684210525,19.662921348314605
32,Male,Instagram,130.0,5.0,80.0,28.0,31.0,Neutral,Normal,Engineer,7.5,45,54.8,1.191304347826087,15.294117647058824
27,Male,Instagram,165.0,6.0,85.0,30.0,28.0,Happiness,Overweight,Software Engineer,6.1,42,62.8,1.4604651162790696,23.23943661971831
31,Male,LinkedIn,60.0,1.0,15.0,7.0,17.0,Anxiety,Normal,Doctor,7.6,75,20.0,0.2631578947368421,6.976744186046512
25,Male,Telegram,90.0,3.0,22.0,11.0,22.0,Boredom,Overweight,Software Engineer,6.1,42,29.6,0.6883720930232559,12.67605633802817
27,Male,Facebook,60.0,1.0,12.0,5.0,15.0,Boredom,Obese,Sales Representative,5.9,30,18.6,0.6000000000000001,8.695652173913043
23,Male,Whatsapp,70.0,3.0,22.0,10.0,18.0,Anger,Overweight,Software Engineer,6.1,42,24.6,0.572093023255814,9.859154929577466
25,Male,Twitter,90.0,6.0,42.0,14.0,26.0,Sadness,Overweight,Software Engineer,6.1,42,35.6,0.8279069767441861,12.67605633802817
28,Male,Instagram,165.0,5.0,78.0,23.0,35.0,Happiness,Obese,Sales Representative,5.9,30,61.2,1.974193548387097,23.913043478260867
27,Male,Telegram,105.0,3.0,48.0,20.0,28.0,Anxiety,Normal,Doctor,6.2,60,40.8,0.6688524590163933,14.583333333333332
35,Male,Twitter,70.0,1.0,13.0,8.0,10.0,Boredom,Normal,Engineer,7.3,60,20.4,0.33442622950819667,8.433734939759036
25,Male,Telegram,80.0,4.0,30.0,13.0,25.0,Neutral,Overweight,Software Engineer,6.1,42,30.4,0.7069767441860465,11.267605633802818
26,Male,Twitter,75.0,2.0,23.0,12.0,18.0,Sadness,Overweight,Software Engineer,6.1,42,26.0,0.6046511627906976,10.563380281690142
31,Male,Telegram,50.0,2.0,20.0,10.0,12.0,Sadness,Normal,Doctor,7.8,75,18.8,0.2473684210526316,5.681818181818182
22,Male,Twitter,70.0,1.0,22.0,7.0,22.0,Neutral,Overweight,Software Engineer,6.1,42,24.4,0.5674418604651162,9.859154929577466
31,Male,Telegram,85.0,3.0,45.0,20.0,28.0,Sadness,Normal,Doctor,7.6,75,36.2,0.47631578947368425,9.883720930232558
30,Male,Twitter,70.0,2.0,30.0,12.0,20.0,Anxiety,Normal,Doctor,7.9,75,26.8,0.3526315789473684,7.865168539325842
24,Male,Telegram,75.0,3.0,37.0,16.0,22.0,Neutral,Overweight,Software Engineer,6.1,42,30.6,0.7116279069767443,10.563380281690142
26,Male,Instagram,150.0,5.0,70.0,25.0,30.0,Anxiety,Overweight,Software Engineer,6.1,42,56.0,1.302325581395349,21.126760563380284
35,Male,Whatsapp,110.0,3.0,50.0,25.0,25.0,Happiness,Normal,Engineer,7.2,60,42.6,0.6983606557377049,13.414634146341465
30,Male,Twitter,90.0,4.0,30.0,20.0,22.0,Anger,Normal,Doctor,7.9,75,33.2,0.4368421052631579,10.112359550561797
33,Male,LinkedIn,45.0,1.0,10.0,5.0,12.0,Boredom,Normal,Doctor,6.0,30,14.6,0.47096774193548385,6.428571428571429
21,Male,Instagram,150.0,5.0,65.0,25.0,30.0,Happiness,Obese,Sales Representative,5.9,30,55.0,1.7741935483870968,21.73913043478261
31,Male,Instagram,170.0,7.0,90.0,35.0,40.0,Happiness,Normal,Doctor,7.7,75,68.4,0.9,19.540229885057474
34,Male,LinkedIn,65.0,1.0,14.0,6.0,15.0,Boredom,Normal,Doctor,6.0,30,20.2,0.6516129032258065,9.285714285714286
28,Male,Twitter,100.0,6.0,50.0,30.0,29.0,Anger,Obese,Software Engineer,5.9,30,43.0,1.3870967741935485,14.492753623188404
27,Male,Twitter,90.0,3.0,40.0,16.0,24.0,Sadness,Overweight,Software Engineer,6.1,42,34.6,0.8046511627906977,12.67605633802817
26,Male,Facebook,75.0,2.0,30.0,14.0,20.0,Anxiety,Obese,Sales Representative,5.9,30,28.2,0.9096774193548387,10.869565217391305
29,Male,LinkedIn,60.0,2.0,17.0,8.0,15.0,Boredom,Normal,Doctor,6.0,30,20.4,0.6580645161290322,8.571428571428571
31,Male,Facebook,80.0,2.0,20.0,10.0,20.0,Neutral,Normal,Doctor,7.6,75,26.4,0.34736842105263155,9.30232558139535
30,Male,Twitter,90.0,4.0,43.0,19.0,24.0,Anger,Normal,Doctor,7.7,75,36.0,0.47368421052631576,10.344827586206897
28,Male,Instagram,145.0,7.0,80.0,30.0,35.0,Happiness,Normal,Doctor,6.2,60,59.4,0.9737704918032787,20.13888888888889
29,Male,Facebook,65.0,2.0,27.0,11.0,22.0,Anxiety,Normal,Doctor,6.0,30,25.4,0.8193548387096774,9.285714285714286
27,Male,Twitter,85.0,4.0,45.0,18.0,24.0,Anger,Obese,Sales Representative,5.9,30,35.2,1.135483870967742,12.318840579710145
31,Male,LinkedIn,45.0,1.0,9.0,4.0,10.0,Sadness,Normal,Doctor,7.7,75,13.8,0.18157894736842106,5.172413793103448
29,Male,Twitter,95.0,4.0,50.0,22.0,22.0,Anger,Normal,Doctor,6.1,30,38.6,1.2451612903225806,13.380281690140846
30,Male,Instagram,175.0,7.0,100.0,33.0,38.0,Happiness,Normal,Doctor,7.7,75,70.6,0.9289473684210525,20.114942528735632
32,Male,Instagram,130.0,5.0,80.0,28.0,31.0,Neutral,Normal,Doctor,6.2,30,54.8,1.7677419354838708,18.055555555555554
27,Male,Instagram,165.0,6.0,85.0,30.0,28.0,Happiness,Obese,Sales Representative,5.9,30,62.8,2.0258064516129033,23.913043478260867
31,Male,LinkedIn,60.0,1.0,15.0,7.0,17.0,Anxiety,Normal,Doctor,7.8,75,20.0,0.2631578947368421,6.8181818181818175
25,Male,Telegram,90.0,3.0,22.0,11.0,22.0,Boredom,Obese,Sales Representative,5.9,30,29.6,0.9548387096774194,13.043478260869565
27,Male,Facebook,60.0,1.0,12.0,5.0,15.0,Boredom,Overweight,Software Engineer,6.1,42,18.6,0.43255813953488376,8.450704225352114
23,Male,Whatsapp,70.0,3.0,22.0,10.0,18.0,Anger,Obese,Sales Representative,5.9,30,24.6,0.7935483870967742,10.144927536231883
25,Male,Twitter,90.0,6.0,42.0,14.0,26.0,Sadness,Overweight,Software Engineer,6.1,42,35.6,0.8279069767441861,12.67605633802817
28,Male,Instagram,165.0,5.0,78.0,23.0,35.0,Happiness,Normal,Doctor,6.2,60,61.2,1.0032786885245901,22.916666666666668
27,Male,Telegram,105.0,3.0,48.0,20.0,28.0,Anxiety,Overweight,Software Engineer,6.1,42,40.8,0.9488372093023255,14.788732394366198
35,Male,Twitter,70.0,1.0,13.0,8.0,10.0,Boredom,Normal Weight,Software Engineer,7.5,60,20.4,0.33442622950819667,8.235294117647058
25,Male,Telegram,80.0,4.0,30.0,13.0,25.0,Neutral,Normal,Doctor,6.2,60,30.4,0.4983606557377049,11.11111111111111
26,Male,Twitter,75.0,2.0,23.0,12.0,18.0,Sadness,Overweight,Software Engineer,6.1,42,26.0,0.6046511627906976,10.563380281690142
31,Male,Telegram,50.0,2.0,20.0,10.0,12.0,Sadness,Normal,Doctor,7.8,75,18.8,0.2473684210526316,5.681818181818182
22,Male,Twitter,70.0,1.0,22.0,7.0,22.0,Neutral,Obese,Sales Representative,5.9,30,24.4,0.7870967741935483,10.144927536231883
31,Male,Telegram,85.0,3.0,45.0,20.0,28.0,Sadness,Normal,Doctor,7.7,75,36.2,0.47631578947368425,9.770114942528737
30,Male,Twitter,70.0,2.0,30.0,12.0,20.0,Anxiety,Normal,Doctor,7.7,75,26.8,0.3526315789473684,8.045977011494253
24,Male,Telegram,75.0,3.0,37.0,16.0,22.0,Neutral,Overweight,Software Engineer,6.1,42,30.6,0.7116279069767443,10.563380281690142
26,Male,Instagram,150.0,5.0,70.0,25.0,30.0,Anxiety,Obese,Sales Representative,5.9,30,56.0,1.8064516129032258,21.73913043478261
35,Male,Whatsapp,110.0,3.0,50.0,25.0,25.0,Happiness,Obese,Lawyer,7.4,60,42.6,0.6983606557377049,13.095238095238095
25,Female,Instagram,120.0,3.0,45.0,10.0,12.0,Happiness,Normal Weight,Nurse,6.5,40,38.0,0.926829268292683,16.0
28,Female,Instagram,200.0,8.0,100.0,30.0,50.0,Anxiety,Normal Weight,Nurse,6.5,40,77.6,1.8926829268292682,26.666666666666668
27,Female,Twitter,85.0,3.0,30.0,10.0,18.0,Anger,Normal Weight,Nurse,6.5,40,29.2,0.7121951219512195,11.333333333333334
29,Female,LinkedIn,55.0,2.0,10.0,3.0,8.0,Neutral,Normal Weight,Nurse,6.5,40,15.6,0.3804878048780488,7.333333333333333
23,Female,Twitter,75.0,4.0,35.0,7.0,20.0,Anxiety,Normal Weight,Nurse,6.5,40,28.2,0.6878048780487804,10.0
22,Female,Instagram,180.0,7.0,90.0,25.0,40.0,Happiness,Normal Weight,Nurse,6.5,40,68.4,1.6682926829268294,24.0
35,Female,Instagram,125.0,4.0,55.0,18.0,30.0,Anxiety,Normal,Accountant,7.2,60,46.4,0.760655737704918,15.243902439024392
32,Female,Instagram,140.0,5.0,70.0,22.0,33.0,Happiness,Normal Weight,Nurse,7.9,75,54.0,0.7105263157894737,15.730337078651685
24,Female,Twitter,105.0,4.0,28.0,14.0,20.0,Anger,Normal Weight,Nurse,6.5,40,34.2,0.8341463414634147,14.0
22,Female,Twitter,70.0,3.0,20.0,12.0,15.0,Sadness,Normal Weight,Nurse,6.5,40,24.0,0.5853658536585366,9.333333333333334
25,Female,Instagram,160.0,6.0,85.0,19.0,32.0,Happiness,Normal Weight,Nurse,6.5,40,60.4,1.473170731707317,21.333333333333332
34,Female,LinkedIn,65.0,2.0,13.0,4.0,14.0,Boredom,Overweight,Scientist,5.8,32,19.6,0.593939393939394,9.558823529411764
21,Female,Instagram,130.0,6.0,88.0,15.0,30.0,Sadness,Normal Weight,Nurse,6.5,40,53.8,1.3121951219512193,17.333333333333332
33,Female,Instagram,170.0,7.0,90.0,25.0,40.0,Happiness,Overweight,Scientist,6.2,50,66.4,1.3019607843137255,23.61111111111111
22,Female,Instagram,115.0,3.0,55.0,12.0,25.0,Neutral,Normal Weight,Nurse,6.5,40,42.0,1.024390243902439,15.333333333333334
25,Female,Instagram,150.0,6.0,80.0,18.0,30.0,Happiness,Normal Weight,Nurse,6.5,40,56.8,1.3853658536585365,20.0
35,Female,LinkedIn,60.0,1.0,12.0,5.0,14.0,Boredom,Overweight,Scientist,5.8,32,18.4,0.5575757575757575,8.823529411764707
21,Female,Twitter,90.0,3.0,33.0,12.0,20.0,Sadness,Normal Weight,Nurse,6.5,40,31.6,0.7707317073170732,12.0
28,Female,LinkedIn,55.0,1.0,8.0,4.0,10.0,Boredom,Normal Weight,Nurse,6.5,40,15.6,0.3804878048780488,7.333333333333333
24,Female,Twitter,75.0,3.0,29.0,15.0,19.0,Anger,Normal Weight,Nurse,6.5,40,28.2,0.6878048780487804,10.0
33,Female,Instagram,145.0,4.0,60.0,18.0,35.0,Sadness,Overweight,Scientist,6.2,50,52.4,1.0274509803921568,20.13888888888889
22,Female,Whatsapp,70.0,2.0,40.0,8.0,21.0,Anxiety,Normal Weight,Nurse,6.5,40,28.2,0.6878048780487804,9.333333333333334
28,Female,Twitter,95.0,4.0,45.0,20.0,25.0,Happiness,Normal Weight,Nurse,6.5,40,37.8,0.921951219512195,12.666666666666666
30,Female,Instagram,175.0,6.0,70.0,23.0,33.0,Happiness,Normal Weight,Nurse,6.4,35,61.4,1.7055555555555555,23.64864864864865
26,Female,Snapchat,120.0,4.0,50.0,15.0,30.0,Anxiety,Normal Weight,Nurse,6.5,40,43.8,1.068292682926829,16.0
31,Female,Whatsapp,65.0,2.0,25.0,8.0,20.0,Neutral,Normal Weight,Nurse,6.4,35,24.0,0.6666666666666666,8.783783783783784
24,Female,Instagram,140.0,4.0,60.0,18.0,30.0,Happiness,Normal Weight,Nurse,6.5,40,50.4,1.2292682926829268,18.666666666666668
29,Female,Whatsapp,90.0,2.0,20.0,9.0,22.0,Anger,Normal Weight,Nurse,6.5,40,28.6,0.6975609756097562,12.0
32,Female,Instagram,155.0,6.0,72.0,20.0,38.0,Happiness,Overweight,Scientist,6.2,50,58.2,1.1411764705882355,21.52777777777778
27,Female,Whatsapp,90.0,4.0,35.0,14.0,20.0,Neutral,Normal Weight,Nurse,6.5,40,32.6,0.7951219512195122,12.0
34,Female,Instagram,120.0,5.0,55.0,19.0,25.0,Anger,Overweight,Scientist,5.8,32,44.8,1.3575757575757574,17.647058823529413
28,Female,Whatsapp,100.0,4.0,35.0,12.0,26.0,Anxiety,Normal Weight,Nurse,6.5,40,35.4,0.8634146341463415,13.333333333333334
25,Female,Instagram,170.0,6.0,78.0,22.0,33.0,Happiness,Normal Weight,Nurse,6.5,40,61.8,1.5073170731707317,22.666666666666668
32,Female,Whatsapp,105.0,4.0,50.0,18.0,25.0,Anger,Normal Weight,Nurse,7.9,75,40.4,0.531578947368421,11.797752808988763
29,Female,Snapchat,95.0,2.0,20.0,7.0,28.0,Sadness,Normal Weight,Nurse,6.5,40,30.4,0.7414634146341463,12.666666666666666
22,Female,Facebook,70.0,1.0,12.0,5.0,10.0,Neutral,Normal Weight,Nurse,6.5,40,19.6,0.4780487804878049,9.333333333333334
27,Female,Snapchat,120.0,4.0,38.0,13.0,22.0,Neutral,Normal Weight,Nurse,6.5,40,39.4,0.9609756097560975,16.0
25,Female,Instagram,120.0,5.0,50.0,20.0,25.0,Happiness,Normal Weight,Nurse,6.5,40,44.0,1.0731707317073171,16.0
28,Female,Instagram,200.0,8.0,110.0,40.0,45.0,Anxiety,Normal Weight,Nurse,6.5,40,80.6,1.9658536585365853,26.666666666666668
27,Female,Twitter,85.0,3.0,40.0,18.0,20.0,Anger,Normal Weight,Nurse,6.5,40,33.2,0.8097560975609757,11.333333333333334
29,Female,LinkedIn,55.0,2.0,15.0,5.0,10.0,Neutral,Normal Weight,Nurse,6.5,40,17.4,0.424390243902439,7.333333333333333
23,Female,Twitter,75.0,4.0,45.0,20.0,25.0,Anxiety,Normal Weight,Nurse,6.5,40,33.8,0.824390243902439,10.0
22,Female,Instagram,180.0,8.0,100.0,38.0,45.0,Happiness,Normal Weight,Nurse,6.5,40,74.2,1.8097560975609757,24.0
35,Female,Instagram,125.0,5.0,65.0,22.0,28.0,Anxiety,Normal,Accountant,7.2,60,49.0,0.8032786885245902,15.243902439024392
32,Female,Instagram,140.0,6.0,75.0,28.0,30.0,Happiness,Overweight,Scientist,6.2,50,55.8,1.0941176470588234,19.444444444444443
24,Female,Twitter,105.0,4.0,35.0,20.0,23.0,Anger,Normal Weight,Nurse,6.5,40,37.4,0.9121951219512194,14.0
22,Female,Twitter,70.0,3.0,25.0,16.0,15.0,Sadness,Normal Weight,Nurse,6.5,40,25.8,0.6292682926829268,9.333333333333334
25,Female,Instagram,160.0,6.0,85.0,26.0,30.0,Happiness,Normal Weight,Nurse,6.5,40,61.4,1.497560975609756,21.333333333333332
34,Female,LinkedIn,65.0,2.0,17.0,5.0,14.0,Boredom,Overweight,Scientist,5.8,32,20.6,0.6242424242424243,9.558823529411764
21,Female,Instagram,130.0,6.0,95.0,22.0,28.0,Sadness,Normal Weight,Nurse,6.5,40,56.2,1.3707317073170733,17.333333333333332
33,Female,Instagram,170.0,7.0,95.0,30.0,38.0,Happiness,Overweight,Scientist,6.2,50,68.0,1.3333333333333333,23.61111111111111
22,Female,Instagram,115.0,3.0,60.0,17.0,30.0,Neutral,Normal Weight,Nurse,6.5,40,45.0,1.0975609756097562,15.333333333333334
25,Female,Instagram,150.0,6.0,90.0,26.0,30.0,Happiness,Normal Weight,Nurse,6.5,40,60.4,1.473170731707317,20.0
35,Female,LinkedIn,60.0,1.0,15.0,7.0,14.0,Boredom,Normal,Accountant,7.2,60,19.4,0.3180327868852459,7.317073170731708
21,Female,Twitter,90.0,3.0,37.0,14.0,20.0,Sadness,Normal Weight,Nurse,6.5,40,32.8,0.7999999999999999,12.0
28,Female,LinkedIn,55.0,1.0,12.0,6.0,10.0,Boredom,Normal Weight,Nurse,6.5,40,16.8,0.40975609756097564,7.333333333333333
24,Female,Twitter,75.0,3.0,33.0,18.0,19.0,Anger,Normal Weight,Nurse,6.5,40,29.6,0.7219512195121952,10.0
33,Female,Instagram,145.0,4.0,65.0,23.0,35.0,Sadness,Overweight,Scientist,6.2,50,54.4,1.0666666666666667,20.13888888888889
22,Female,Whatsapp,70.0,2.0,42.0,10.0,21.0,Anxiety,Normal Weight,Nurse,6.5,40,29.0,0.7073170731707317,9.333333333333334
28,Female,Twitter,95.0,4.0,48.0,22.0,25.0,Happiness,Normal Weight,Nurse,6.5,40,38.8,0.9463414634146341,12.666666666666666
30,Female,Instagram,175.0,6.0,72.0,30.0,33.0,Happiness,Normal Weight,Nurse,6.4,35,63.2,1.7555555555555555,23.64864864864865
26,Female,Snapchat,120.0,4.0,55.0,18.0,30.0,Anxiety,Normal Weight,Nurse,6.5,40,45.4,1.1073170731707316,16.0
31,Female,Whatsapp,65.0,2.0,27.0,10.0,20.0,Neutral,Normal Weight,Nurse,7.9,75,24.8,0.3263157894736842,7.303370786516854
24,Female,Instagram,140.0,4.0,65.0,22.0,30.0,Happiness,Normal Weight,Nurse,6.5,40,52.2,1.273170731707317,18.666666666666668
29,Female,Whatsapp,90.0,2.0,24.0,12.0,22.0,Anger,Normal Weight,Nurse,6.5,40,30.0,0.7317073170731707,12.0
32,Female,Instagram,155.0,6.0,75.0,25.0,38.0,Happiness,Overweight,Scientist,6.2,50,59.8,1.1725490196078432,21.52777777777778
27,Female,Whatsapp,90.0,4.0,37.0,18.0,20.0,Neutral,Normal Weight,Nurse,6.5,40,33.8,0.824390243902439,12.0
34,Female,Instagram,120.0,5.0,60.0,25.0,25.0,Anger,Overweight,Scientist,5.8,32,47.0,1.4242424242424243,17.647058823529413
28,Female,Whatsapp,100.0,4.0,37.0,14.0,26.0,Anxiety,Normal Weight,Nurse,6.5,40,36.2,0.8829268292682928,13.333333333333334
25,Female,Instagram,170.0,6.0,83.0,30.0,33.0,Happiness,Normal Weight,Nurse,6.5,40,64.4,1.5707317073170732,22.666666666666668
32,Female,Whatsapp,105.0,4.0,55.0,25.0,25.0,Anger,Overweight,Scientist,6.2,50,42.8,0.8392156862745097,14.583333333333332
29,Female,Snapchat,95.0,2.0,23.0,10.0,28.0,Sadness,Normal Weight,Nurse,6.5,40,31.6,0.7707317073170732,12.666666666666666
22,Female,Facebook,70.0,1.0,14.0,6.0,10.0,Neutral,Normal Weight,Nurse,6.5,40,20.2,0.4926829268292683,9.333333333333334
27,Female,Snapchat,120.0,4.0,40.0,18.0,22.0,Neutral,Normal Weight,Nurse,6.5,40,40.8,0.9951219512195121,16.0
25,Female,Instagram,120.0,5.0,50.0,20.0,25.0,Happiness,Normal Weight,Nurse,6.5,40,44.0,1.0731707317073171,16.0
28,Female,Instagram,200.0,8.0,110.0,40.0,45.0,Anxiety,Normal Weight,Nurse,6.5,40,80.6,1.9658536585365853,26.666666666666668
27,Female,Twitter,85.0,3.0,40.0,18.0,20.0,Anger,Normal Weight,Nurse,6.5,40,33.2,0.8097560975609757,11.333333333333334
29,Female,LinkedIn,55.0,2.0,15.0,5.0,10.0,Neutral,Normal Weight,Nurse,6.5,40,17.4,0.424390243902439,7.333333333333333
23,Female,Twitter,75.0,4.0,45.0,20.0,25.0,Anxiety,Normal Weight,Nurse,6.5,40,33.8,0.824390243902439,10.0
22,Female,Instagram,180.0,8.0,100.0,38.0,45.0,Happiness,Normal Weight,Nurse,6.5,40,74.2,1.8097560975609757,24.0
35,Female,Instagram,125.0,5.0,65.0,22.0,28.0,Anxiety,Normal,Accountant,7.2,60,49.0,0.8032786885245902,15.243902439024392
32,Female,Instagram,140.0,6.0,75.0,28.0,30.0,Happiness,Normal Weight,Nurse,7.9,75,55.8,0.7342105263157894,15.730337078651685
24,Female,Twitter,105.0,4.0,35.0,20.0,23.0,Anger,Normal Weight,Nurse,6.5,40,37.4,0.9121951219512194,14.0
22,Female,Twitter,70.0,3.0,25.0,16.0,15.0,Sadness,Normal Weight,Nurse,6.5,40,25.8,0.6292682926829268,9.333333333333334
25,Female,Instagram,160.0,6.0,85.0,26.0,30.0,Happiness,Normal Weight,Nurse,6.5,40,61.4,1.497560975609756,21.333333333333332
34,Female,LinkedIn,65.0,2.0,17.0,5.0,14.0,Boredom,Overweight,Scientist,5.8,32,20.6,0.6242424242424243,9.558823529411764
21,Female,Instagram,130.0,6.0,95.0,22.0,28.0,Sadness,Normal Weight,Nurse,6.5,40,56.2,1.3707317073170733,17.333333333333332
33,Female,Instagram,170.0,7.0,95.0,30.0,38.0,Happiness,Overweight,Scientist,6.2,50,68.0,1.3333333333333333,23.61111111111111
22,Female,Instagram,115.0,3.0,60.0,17.0,30.0,Neutral,Normal Weight,Nurse,6.5,40,45.0,1.0975609756097562,15.333333333333334
25,Female,Instagram,150.0,6.0,90.0,26.0,30.0,Happiness,Normal Weight,Nurse,6.5,40,60.4,1.473170731707317,20.0
35,Female,LinkedIn,60.0,1.0,15.0,7.0,14.0,Boredom,Overweight,Scientist,5.8,32,19.4,0.5878787878787879,8.823529411764707
21,Female,Twitter,90.0,3.0,37.0,14.0,20.0,Sadness,Normal Weight,Nurse,6.5,40,32.8,0.7999999999999999,12.0
28,Female,LinkedIn,55.0,1.0,12.0,6.0,10.0,Boredom,Normal Weight,Nurse,6.5,40,16.8,0.40975609756097564,7.333333333333333
25,Female,Instagram,170.0,6.0,83.0,30.0,33.0,Happiness,Normal Weight,Nurse,6.5,40,64.4,1.5707317073170732,22.666666666666668
32,Female,Whatsapp,105.0,4.0,55.0,25.0,25.0,Anger,Overweight,Scientist,6.2,50,42.8,0.8392156862745097,14.583333333333332
29,Female,Snapchat,95.0,2.0,23.0,10.0,28.0,Sadness,Normal Weight,Nurse,6.5,40,31.6,0.7707317073170732,12.666666666666666
22,Female,Facebook,70.0,1.0,14.0,6.0,10.0,Neutral,Normal Weight,Nurse,6.5,40,20.2,0.4926829268292683,9.333333333333334
27,Female,Snapchat,120.0,4.0,40.0,18.0,22.0,Neutral,Normal Weight,Nurse,6.5,40,40.8,0.9951219512195121,16.0
25,Female,Instagram,120.0,5.0,50.0,20.0,25.0,Happiness,Normal Weight,Nurse,6.5,40,44.0,1.0731707317073171,16.0
28,Female,Instagram,200.0,8.0,110.0,40.0,45.0,Anxiety,Normal Weight,Nurse,6.5,40,80.6,1.9658536585365853,26.666666666666668
27,Female,Twitter,85.0,3.0,40.0,18.0,20.0,Anger,Normal Weight,Nurse,6.5,40,33.2,0.8097560975609757,11.333333333333334
29,Female,LinkedIn,55.0,2.0,15.0,5.0,10.0,Neutral,Normal Weight,Nurse,6.5,40,17.4,0.424390243902439,7.333333333333333
23,Female,Twitter,75.0,4.0,45.0,20.0,25.0,Anxiety,Normal Weight,Nurse,6.5,40,33.8,0.824390243902439,10.0
22,Female,Instagram,180.0,8.0,100.0,38.0,45.0,Happiness,Normal Weight,Nurse,6.5,40,74.2,1.8097560975609757,24.0
35,Female,Instagram,125.0,5.0,65.0,22.0,28.0,Anxiety,Overweight,Scientist,5.8,32,49.0,1.4848484848484849,18.38235294117647
32,Female,Instagram,140.0,6.0,75.0,28.0,30.0,Happiness,Normal Weight,Nurse,7.9,75,55.8,0.7342105263157894,15.730337078651685
24,Female,Twitter,105.0,4.0,35.0,20.0,23.0,Anger,Normal Weight,Nurse,6.5,40,37.4,0.9121951219512194,14.0
22,Female,Twitter,70.0,3.0,25.0,16.0,15.0,Sadness,Normal Weight,Nurse,6.5,40,25.8,0.6292682926829268,9.333333333333334
25,Female,Instagram,160.0,6.0,85.0,26.0,30.0,Happiness,Normal Weight,Nurse,6.5,40,61.4,1.497560975609756,21.333333333333332
34,Female,LinkedIn,65.0,2.0,17.0,5.0,14.0,Boredom,Overweight,Scientist,5.8,32,20.6,0.6242424242424243,9.558823529411764
21,Female,Instagram,130.0,6.0,95.0,22.0,28.0,Sadness,Normal Weight,Nurse,6.5,40,56.2,1.3707317073170733,17.333333333333332
33,Female,Instagram,170.0,7.0,95.0,30.0,38.0,Happiness,Overweight,Scientist,6.2,50,68.0,1.3333333333333333,23.61111111111111
22,Female,Instagram,115.0,3.0,60.0,17.0,30.0,Neutral,Normal Weight,Nurse,6.5,40,45.0,1.0975609756097562,15.333333333333334
25,Female,Instagram,150.0,6.0,90.0,26.0,30.0,Happiness,Normal Weight,Nurse,6.5,40,60.4,1.473170731707317,20.0
35,Female,LinkedIn,60.0,1.0,15.0,7.0,14.0,Boredom,Normal,Accountant,7.2,60,19.4,0.3180327868852459,7.317073170731708
21,Female,Twitter,90.0,3.0,37.0,14.0,20.0,Sadness,Normal Weight,Nurse,6.5,40,32.8,0.7999999999999999,12.0
28,Female,LinkedIn,55.0,1.0,12.0,6.0,10.0,Boredom,Normal Weight,Nurse,6.5,40,16.8,0.40975609756097564,7.333333333333333
24,Female,Twitter,75.0,3.0,33.0,18.0,19.0,Anger,Normal Weight,Nurse,6.5,40,29.6,0.7219512195121952,10.0
33,Female,Instagram,145.0,4.0,65.0,23.0,35.0,Sadness,Overweight,Scientist,6.2,50,54.4,1.0666666666666667,20.13888888888889
22,Female,Whatsapp,70.0,2.0,42.0,10.0,21.0,Anxiety,Normal Weight,Nurse,6.5,40,29.0,0.7073170731707317,9.333333333333334
28,Female,Twitter,95.0,4.0,48.0,22.0,25.0,Happiness,Normal Weight,Nurse,6.5,40,38.8,0.9463414634146341,12.666666666666666
30,Female,Instagram,175.0,6.0,72.0,30.0,33.0,Happiness,Normal Weight,Nurse,6.4,35,63.2,1.7555555555555555,23.64864864864865
26,Female,Snapchat,120.0,4.0,55.0,18.0,30.0,Anxiety,Normal Weight,Nurse,6.5,40,45.4,1.1073170731707316,16.0
31,Female,Whatsapp,65.0,2.0,27.0,10.0,20.0,Neutral,Normal Weight,Nurse,7.9,75,24.8,0.3263157894736842,7.303370786516854
24,Female,Instagram,140.0,4.0,65.0,22.0,30.0,Happiness,Normal Weight,Nurse,6.5,40,52.2,1.273170731707317,18.666666666666668
29,Female,Whatsapp,90.0,2.0,24.0,12.0,22.0,Anger,Normal Weight,Nurse,6.5,40,30.0,0.7317073170731707,12.0
32,Female,Instagram,155.0,6.0,75.0,25.0,38.0,Happiness,Overweight,Scientist,6.2,50,59.8,1.1725490196078432,21.52777777777778
27,Female,Whatsapp,90.0,4.0,37.0,18.0,20.0,Neutral,Normal Weight,Nurse,6.5,40,33.8,0.824390243902439,12.0
34,Female,Instagram,120.0,5.0,60.0,25.0,25.0,Anger,Overweight,Scientist,5.8,32,47.0,1.4242424242424243,17.647058823529413
28,Female,Whatsapp,100.0,4.0,37.0,14.0,26.0,Anxiety,Normal Weight,Nurse,6.5,40,36.2,0.8829268292682928,13.333333333333334
25,Female,Instagram,170.0,6.0,83.0,30.0,33.0,Happiness,Normal Weight,Nurse,6.5,40,64.4,1.5707317073170732,22.666666666666668
32,Female,Whatsapp,105.0,4.0,55.0,25.0,25.0,Anger,Normal Weight,Nurse,7.9,75,42.8,0.5631578947368421,11.797752808988763
29,Female,Snapchat,95.0,2.0,23.0,10.0,28.0,Sadness,Normal Weight,Nurse,6.5,40,31.6,0.7707317073170732,12.666666666666666
22,Female,Facebook,70.0,1.0,14.0,6.0,10.0,Neutral,Normal Weight,Nurse,6.5,40,20.2,0.4926829268292683,9.333333333333334
27,Female,Snapchat,120.0,4.0,40.0,18.0,22.0,Neutral,Normal Weight,Nurse,6.5,40,40.8,0.9951219512195121,16.0
25,Female,Instagram,120.0,5.0,50.0,20.0,25.0,Happiness,Normal Weight,Nurse,6.5,40,44.0,1.0731707317073171,16.0
28,Female,Instagram,200.0,8.0,110.0,40.0,45.0,Anxiety,Normal Weight,Nurse,6.5,40,80.6,1.9658536585365853,26.666666666666668
27,Female,Twitter,85.0,3.0,40.0,18.0,20.0,Anger,Normal Weight,Nurse,6.5,40,33.2,0.8097560975609757,11.333333333333334
29,Female,LinkedIn,55.0,2.0,15.0,5.0,10.0,Neutral,Normal Weight,Nurse,6.5,40,17.4,0.424390243902439,7.333333333333333
23,Female,Twitter,75.0,4.0,45.0,20.0,25.0,Anxiety,Normal Weight,Nurse,6.5,40,33.8,0.824390243902439,10.0
22,Female,Instagram,180.0,8.0,100.0,38.0,45.0,Happiness,Normal Weight,Nurse,6.5,40,74.2,1.8097560975609757,24.0
35,Female,Instagram,125.0,5.0,65.0,22.0,28.0,Anxiety,Normal,Accountant,7.2,60,49.0,0.8032786885245902,15.243902439024392
32,Female,Instagram,140.0,6.0,75.0,28.0,30.0,Happiness,Normal Weight,Nurse,7.9,75,55.8,0.7342105263157894,15.730337078651685
24,Female,Twitter,105.0,4.0,35.0,20.0,23.0,Anger,Normal Weight,Nurse,6.5,40,37.4,0.9121951219512194,14.0
22,Female,Twitter,70.0,3.0,25.0,16.0,15.0,Sadness,Normal Weight,Nurse,6.5,40,25.8,0.6292682926829268,9.333333333333334
25,Female,Instagram,160.0,6.0,85.0,26.0,30.0,Happiness,Normal Weight,Nurse,6.5,40,61.4,1.497560975609756,21.333333333333332
34,Female,LinkedIn,65.0,2.0,17.0,5.0,14.0,Boredom,Overweight,Scientist,5.8,32,20.6,0.6242424242424243,9.558823529411764
21,Female,Instagram,130.0,6.0,95.0,22.0,28.0,Sadness,Normal Weight,Nurse,6.5,40,56.2,1.3707317073170733,17.333333333333332
33,Female,Instagram,170.0,7.0,95.0,30.0,38.0,Happiness,Overweight,Scientist,6.2,50,68.0,1.3333333333333333,23.61111111111111
22,Female,Instagram,115.0,3.0,60.0,17.0,30.0,Neutral,Normal Weight,Nurse,6.5,40,45.0,1.0975609756097562,15.333333333333334
25,Female,Instagram,150.0,6.0,90.0,26.0,30.0,Happiness,Normal Weight,Nurse,6.5,40,60.4,1.473170731707317,20.0
35,Female,LinkedIn,60.0,1.0,15.0,7.0,14.0,Boredom,Normal,Accountant,7.2,60,19.4,0.3180327868852459,7.317073170731708
21,Female,Twitter,90.0,3.0,37.0,14.0,20.0,Sadness,Normal Weight,Nurse,6.5,40,32.8,0.7999999999999999,12.0
28,Female,LinkedIn,55.0,1.0,12.0,6.0,10.0,Boredom,Normal Weight,Nurse,6.5,40,16.8,0.40975609756097564,7.333333333333333
24,Female,Twitter,75.0,3.0,33.0,18.0,19.0,Anger,Normal Weight,Nurse,6.5,40,29.6,0.7219512195121952,10.0
33,Female,Instagram,145.0,4.0,65.0,23.0,35.0,Sadness,Overweight,Scientist,6.2,50,54.4,1.0666666666666667,20.13888888888889
22,Female,Whatsapp,70.0,2.0,42.0,10.0,21.0,Anxiety,Normal Weight,Nurse,6.5,40,29.0,0.7073170731707317,9.333333333333334
28,Female,Twitter,95.0,4.0,48.0,22.0,25.0,Happiness,Normal Weight,Nurse,6.5,40,38.8,0.9463414634146341,12.666666666666666
30,Female,Instagram,175.0,6.0,72.0,30.0,33.0,Happiness,Normal Weight,Nurse,6.4,35,63.2,1.7555555555555555,23.64864864864865
26,Female,Snapchat,120.0,4.0,55.0,18.0,30.0,Anxiety,Normal Weight,Nurse,6.5,40,45.4,1.1073170731707316,16.0
31,Female,Whatsapp,65.0,2.0,27.0,10.0,20.0,Neutral,Normal Weight,Nurse,6.4,35,24.8,0.6888888888888889,8.783783783783784
24,Female,Instagram,140.0,4.0,65.0,22.0,30.0,Happiness,Normal Weight,Nurse,6.5,40,52.2,1.273170731707317,18.666666666666668
29,Female,Whatsapp,90.0,2.0,24.0,12.0,22.0,Anger,Normal Weight,Nurse,6.5,40,30.0,0.7317073170731707,12.0
32,Female,Instagram,155.0,6.0,75.0,25.0,38.0,Happiness,Normal Weight,Nurse,7.9,75,59.8,0.7868421052631579,17.41573033707865
27,Female,Whatsapp,90.0,4.0,37.0,18.0,20.0,Neutral,Normal Weight,Nurse,6.5,40,33.8,0.824390243902439,12.0
34,Female,Instagram,120.0,5.0,60.0,25.0,25.0,Anger,Overweight,Scientist,5.8,32,47.0,1.4242424242424243,17.647058823529413
28,Female,Whatsapp,100.0,4.0,37.0,14.0,26.0,Anxiety,Normal Weight,Nurse,6.5,40,36.2,0.8829268292682928,13.333333333333334
25,Female,Instagram,170.0,6.0,83.0,30.0,33.0,Happiness,Normal Weight,Nurse,6.5,40,64.4,1.5707317073170732,22.666666666666668
32,Female,Whatsapp,105.0,4.0,55.0,25.0,25.0,Anger,Overweight,Scientist,6.2,50,42.8,0.8392156862745097,14.583333333333332
29,Female,Snapchat,95.0,2.0,23.0,10.0,28.0,Sadness,Normal Weight,Nurse,6.5,40,31.6,0.7707317073170732,12.666666666666666
22,Female,Facebook,70.0,1.0,14.0,6.0,10.0,Neutral,Normal Weight,Nurse,6.5,40,20.2,0.4926829268292683,9.333333333333334
27,Female,Snapchat,120.0,4.0,40.0,18.0,22.0,Neutral,Normal Weight,Nurse,6.5,40,40.8,0.9951219512195121,16.0
25,Female,Instagram,120.0,5.0,50.0,20.0,25.0,Happiness,Normal Weight,Nurse,6.5,40,44.0,1.0731707317073171,16.0
28,Female,Instagram,200.0,8.0,110.0,40.0,45.0,Anxiety,Normal Weight,Nurse,6.5,40,80.6,1.9658536585365853,26.666666666666668
27,Female,Twitter,85.0,3.0,40.0,18.0,20.0,Anger,Normal Weight,Nurse,6.5,40,33.2,0.8097560975609757,11.333333333333334
29,Female,LinkedIn,55.0,2.0,15.0,5.0,10.0,Neutral,Normal Weight,Nurse,6.5,40,17.4,0.424390243902439,7.333333333333333
23,Female,Twitter,75.0,4.0,45.0,20.0,25.0,Anxiety,Normal Weight,Nurse,6.5,40,33.8,0.824390243902439,10.0
22,Female,Instagram,180.0,8.0,100.0,38.0,45.0,Happiness,Normal Weight,Nurse,6.5,40,74.2,1.8097560975609757,24.0
35,Female,Instagram,125.0,5.0,65.0,22.0,28.0,Anxiety,Normal,Accountant,7.2,60,49.0,0.8032786885245902,15.243902439024392
32,Female,Instagram,140.0,6.0,75.0,28.0,30.0,Happiness,Normal Weight,Nurse,7.9,75,55.8,0.7342105263157894,15.730337078651685
24,Female,Twitter,105.0,4.0,35.0,20.0,23.0,Anger,Normal Weight,Nurse,6.5,40,37.4,0.9121951219512194,14.0
22,Female,Twitter,70.0,3.0,25.0,16.0,15.0,Sadness,Normal Weight,Nurse,6.5,40,25.8,0.6292682926829268,9.333333333333334
25,Female,Instagram,160.0,6.0,85.0,26.0,30.0,Happiness,Normal Weight,Nurse,6.5,40,61.4,1.497560975609756,21.333333333333332
34,Female,LinkedIn,65.0,2.0,17.0,5.0,14.0,Boredom,Overweight,Scientist,5.8,32,20.6,0.6242424242424243,9.558823529411764
21,Female,Instagram,130.0,6.0,95.0,22.0,28.0,Sadness,Normal Weight,Nurse,6.5,40,56.2,1.3707317073170733,17.333333333333332
33,Female,Instagram,170.0,7.0,95.0,30.0,38.0,Happiness,Overweight,Scientist,6.2,50,68.0,1.3333333333333333,23.61111111111111
22,Female,Instagram,115.0,3.0,60.0,17.0,30.0,Neutral,Normal Weight,Nurse,6.5,40,45.0,1.0975609756097562,15.333333333333334
25,Female,Instagram,150.0,6.0,90.0,26.0,30.0,Happiness,Normal Weight,Nurse,6.5,40,60.4,1.473170731707317,20.0
35,Female,LinkedIn,60.0,1.0,15.0,7.0,14.0,Boredom,Overweight,Scientist,5.8,32,19.4,0.5878787878787879,8.823529411764707
21,Female,Twitter,90.0,3.0,37.0,14.0,20.0,Sadness,Normal Weight,Nurse,6.5,40,32.8,0.7999999999999999,12.0
28,Female,LinkedIn,55.0,1.0,12.0,6.0,10.0,Boredom,Normal Weight,Nurse,6.5,40,16.8,0.40975609756097564,7.333333333333333
24,Female,Twitter,75.0,3.0,33.0,18.0,19.0,Anger,Normal Weight,Nurse,6.5,40,29.6,0.7219512195121952,10.0
33,Female,Instagram,145.0,4.0,65.0,23.0,35.0,Sadness,Overweight,Scientist,6.2,50,54.4,1.0666666666666667,20.13888888888889
22,Female,Whatsapp,70.0,2.0,42.0,10.0,21.0,Anxiety,Normal Weight,Nurse,6.5,40,29.0,0.7073170731707317,9.333333333333334
28,Female,Twitter,95.0,4.0,48.0,22.0,25.0,Happiness,Normal Weight,Nurse,6.5,40,38.8,0.9463414634146341,12.666666666666666
30,Female,Instagram,175.0,6.0,72.0,30.0,33.0,Happiness,Normal Weight,Nurse,6.4,35,63.2,1.7555555555555555,23.64864864864865
26,Female,Snapchat,120.0,4.0,55.0,18.0,30.0,Anxiety,Normal Weight,Nurse,6.5,40,45.4,1.1073170731707316,16.0
31,Female,Whatsapp,65.0,2.0,27.0,10.0,20.0,Neutral,Normal Weight,Nurse,7.9,75,24.8,0.3263157894736842,7.303370786516854
24,Female,Instagram,140.0,4.0,65.0,22.0,30.0,Happiness,Normal Weight,Nurse,6.5,40,52.2,1.273170731707317,18.666666666666668
29,Female,Whatsapp,90.0,2.0,24.0,12.0,22.0,Anger,Normal Weight,Nurse,6.5,40,30.0,0.7317073170731707,12.0
32,Female,Instagram,155.0,6.0,75.0,25.0,38.0,Happiness,Normal Weight,Nurse,7.9,75,59.8,0.7868421052631579,17.41573033707865
27,Female,Whatsapp,90.0,4.0,37.0,18.0,20.0,Neutral,Normal Weight,Nurse,6.5,40,33.8,0.824390243902439,12.0
34,Female,Instagram,120.0,5.0,60.0,25.0,25.0,Anger,Overweight,Scientist,5.8,32,47.0,1.4242424242424243,17.647058823529413
28,Female,Whatsapp,100.0,4.0,37.0,14.0,26.0,Anxiety,Normal Weight,Nurse,6.5,40,36.2,0.8829268292682928,13.333333333333334
25,Female,Instagram,170.0,6.0,83.0,30.0,33.0,Happiness,Normal Weight,Nurse,6.5,40,64.4,1.5707317073170732,22.666666666666668
32,Female,Whatsapp,105.0,4.0,55.0,25.0,25.0,Anger,Overweight,Scientist,6.2,50,42.8,0.8392156862745097,14.583333333333332
29,Female,Snapchat,95.0,2.0,23.0,10.0,28.0,Sadness,Normal Weight,Nurse,6.5,40,31.6,0.7707317073170732,12.666666666666666
22,Female,Facebook,70.0,1.0,14.0,6.0,10.0,Neutral,Normal Weight,Nurse,6.5,40,20.2,0.4926829268292683,9.333333333333334
27,Female,Snapchat,120.0,4.0,40.0,18.0,22.0,Neutral,Normal Weight,Nurse,6.5,40,40.8,0.9951219512195121,16.0
25,Female,Instagram,120.0,5.0,50.0,20.0,25.0,Happiness,Normal Weight,Nurse,6.5,40,44.0,1.0731707317073171,16.0
28,Female,Instagram,200.0,8.0,110.0,40.0,45.0,Anxiety,Normal Weight,Nurse,6.5,40,80.6,1.9658536585365853,26.666666666666668
27,Female,Twitter,85.0,3.0,40.0,18.0,20.0,Anger,Normal Weight,Nurse,6.5,40,33.2,0.8097560975609757,11.333333333333334
29,Female,LinkedIn,55.0,2.0,15.0,5.0,10.0,Neutral,Normal Weight,Nurse,6.5,40,17.4,0.424390243902439,7.333333333333333
23,Female,Twitter,75.0,4.0,45.0,20.0,25.0,Anxiety,Normal Weight,Nurse,6.5,40,33.8,0.824390243902439,10.0
22,Female,Instagram,180.0,8.0,100.0,38.0,45.0,Happiness,Normal Weight,Nurse,6.5,40,74.2,1.8097560975609757,24.0
35,Female,Instagram,125.0,5.0,65.0,22.0,28.0,Anxiety,Normal,Accountant,7.2,60,49.0,0.8032786885245902,15.243902439024392
32,Female,Instagram,140.0,6.0,75.0,28.0,30.0,Happiness,Normal Weight,Nurse,7.9,75,55.8,0.7342105263157894,15.730337078651685
24,Female,Twitter,105.0,4.0,35.0,20.0,23.0,Anger,Normal Weight,Nurse,6.5,40,37.4,0.9121951219512194,14.0
22,Female,Twitter,70.0,3.0,25.0,16.0,15.0,Sadness,Normal Weight,Nurse,6.5,40,25.8,0.6292682926829268,9.333333333333334
25,Female,Instagram,160.0,6.0,85.0,26.0,30.0,Happiness,Normal Weight,Nurse,6.5,40,61.4,1.497560975609756,21.333333333333332
34,Female,LinkedIn,65.0,2.0,17.0,5.0,14.0,Boredom,Overweight,Scientist,5.8,32,20.6,0.6242424242424243,9.558823529411764
21,Female,Instagram,130.0,6.0,95.0,22.0,28.0,Sadness,Normal Weight,Nurse,6.5,40,56.2,1.3707317073170733,17.333333333333332
33,Female,Instagram,170.0,7.0,95.0,30.0,38.0,Happiness,Overweight,Scientist,6.2,50,68.0,1.3333333333333333,23.61111111111111
22,Female,Instagram,115.0,3.0,60.0,17.0,30.0,Neutral,Normal Weight,Nurse,6.5,40,45.0,1.0975609756097562,15.333333333333334
25,Female,Instagram,150.0,6.0,90.0,26.0,30.0,Happiness,Normal Weight,Nurse,6.5,40,60.4,1.473170731707317,20.0
35,Female,LinkedIn,60.0,1.0,15.0,7.0,14.0,Boredom,Overweight,Scientist,5.8,32,19.4,0.5878787878787879,8.823529411764707
21,Female,Twitter,90.0,3.0,37.0,14.0,20.0,Sadness,Normal Weight,Nurse,6.5,40,32.8,0.7999999999999999,12.0
28,Female,LinkedIn,55.0,1.0,12.0,6.0,10.0,Boredom,Normal Weight,Nurse,6.5,40,16.8,0.40975609756097564,7.333333333333333
24,Female,Twitter,75.0,3.0,33.0,18.0,19.0,Anger,Normal Weight,Nurse,6.5,40,29.6,0.7219512195121952,10.0
33,Female,Instagram,145.0,4.0,65.0,23.0,35.0,Sadness,Overweight,Scientist,6.2,50,54.4,1.0666666666666667,20.13888888888889
22,Female,Whatsapp,70.0,2.0,42.0,10.0,21.0,Anxiety,Normal Weight,Nurse,6.5,40,29.0,0.7073170731707317,9.333333333333334
28,Female,Twitter,95.0,4.0,48.0,22.0,25.0,Happiness,Normal Weight,Nurse,6.5,40,38.8,0.9463414634146341,12.666666666666666
30,Female,Instagram,175.0,6.0,72.0,30.0,33.0,Happiness,Normal Weight,Nurse,6.4,35,63.2,1.7555555555555555,23.64864864864865
26,Female,Snapchat,120.0,4.0,55.0,18.0,30.0,Anxiety,Normal Weight,Nurse,6.5,40,45.4,1.1073170731707316,16.0
31,Female,Whatsapp,65.0,2.0,27.0,10.0,20.0,Neutral,Normal Weight,Nurse,7.9,75,24.8,0.3263157894736842,7.303370786516854
24,Female,Instagram,140.0,4.0,65.0,22.0,30.0,Happiness,Normal Weight,Nurse,6.5,40,52.2,1.273170731707317,18.666666666666668
29,Female,Whatsapp,90.0,2.0,24.0,12.0,22.0,Anger,Normal Weight,Nurse,6.5,40,30.0,0.7317073170731707,12.0
32,Female,Instagram,155.0,6.0,75.0,25.0,38.0,Happiness,Normal Weight,Nurse,7.9,75,59.8,0.7868421052631579,17.41573033707865
27,Female,Whatsapp,90.0,4.0,37.0,18.0,20.0,Neutral,Normal Weight,Nurse,6.5,40,33.8,0.824390243902439,12.0
34,Female,Instagram,120.0,5.0,60.0,25.0,25.0,Anger,Overweight,Scientist,5.8,32,47.0,1.4242424242424243,17.647058823529413
28,Female,Whatsapp,100.0,4.0,37.0,14.0,26.0,Anxiety,Normal Weight,Nurse,6.5,40,36.2,0.8829268292682928,13.333333333333334
25,Female,Instagram,170.0,6.0,83.0,30.0,33.0,Happiness,Normal Weight,Nurse,6.5,40,64.4,1.5707317073170732,22.666666666666668
32,Female,Whatsapp,105.0,4.0,55.0,25.0,25.0,Anger,Normal Weight,Nurse,7.9,75,42.8,0.5631578947368421,11.797752808988763
29,Female,Snapchat,95.0,2.0,23.0,10.0,28.0,Sadness,Normal Weight,Nurse,6.5,40,31.6,0.7707317073170732,12.666666666666666
22,Female,Facebook,70.0,1.0,14.0,6.0,10.0,Neutral,Normal Weight,Nurse,6.5,40,20.2,0.4926829268292683,9.333333333333334
27,Female,Snapchat,120.0,4.0,40.0,18.0,22.0,Neutral,Normal Weight,Nurse,6.5,40,40.8,0.9951219512195121,16.0
25,Female,Instagram,120.0,5.0,50.0,20.0,25.0,Happiness,Normal Weight,Nurse,6.5,40,44.0,1.0731707317073171,16.0
28,Female,Instagram,200.0,8.0,110.0,40.0,45.0,Anxiety,Normal Weight,Nurse,6.5,40,80.6,1.9658536585365853,26.666666666666668
27,Female,Twitter,85.0,3.0,40.0,18.0,20.0,Anger,Normal Weight,Nurse,6.5,40,33.2,0.8097560975609757,11.333333333333334
29,Female,LinkedIn,55.0,2.0,15.0,5.0,10.0,Neutral,Normal Weight,Nurse,6.5,40,17.4,0.424390243902439,7.333333333333333
23,Female,Twitter,75.0,4.0,45.0,20.0,25.0,Anxiety,Normal Weight,Nurse,6.5,40,33.8,0.824390243902439,10.0
22,Female,Instagram,180.0,8.0,100.0,38.0,45.0,Happiness,Normal Weight,Nurse,6.5,40,74.2,1.8097560975609757,24.0
35,Female,Instagram,125.0,5.0,65.0,22.0,28.0,Anxiety,Normal,Accountant,7.2,60,49.0,0.8032786885245902,15.243902439024392
32,Female,Instagram,140.0,6.0,75.0,28.0,30.0,Happiness,Normal Weight,Nurse,7.9,75,55.8,0.7342105263157894,15.730337078651685
24,Female,Twitter,105.0,4.0,35.0,20.0,23.0,Anger,Normal Weight,Nurse,6.5,40,37.4,0.9121951219512194,14.0
22,Female,Twitter,70.0,3.0,25.0,16.0,15.0,Sadness,Normal Weight,Nurse,6.5,40,25.8,0.6292682926829268,9.333333333333334
25,Female,Instagram,160.0,6.0,85.0,26.0,30.0,Happiness,Normal Weight,Nurse,6.5,40,61.4,1.497560975609756,21.333333333333332
34,Female,LinkedIn,65.0,2.0,17.0,5.0,14.0,Boredom,Overweight,Scientist,5.8,32,20.6,0.6242424242424243,9.558823529411764
21,Female,Instagram,130.0,6.0,95.0,22.0,28.0,Sadness,Normal Weight,Nurse,6.5,40,56.2,1.3707317073170733,17.333333333333332
33,Female,Instagram,170.0,7.0,95.0,30.0,38.0,Happiness,Overweight,Scientist,6.2,50,68.0,1.3333333333333333,23.61111111111111
22,Female,Instagram,115.0,3.0,60.0,17.0,30.0,Neutral,Normal Weight,Nurse,6.5,40,45.0,1.0975609756097562,15.333333333333334
25,Female,Instagram,150.0,6.0,90.0,26.0,30.0,Happiness,Normal Weight,Nurse,6.5,40,60.4,1.473170731707317,20.0
35,Female,LinkedIn,60.0,1.0,15.0,7.0,14.0,Boredom,Overweight,Scientist,5.8,32,19.4,0.5878787878787879,8.823529411764707
21,Female,Twitter,90.0,3.0,37.0,14.0,20.0,Sadness,Normal Weight,Nurse,6.5,40,32.8,0.7999999999999999,12.0
28,Female,LinkedIn,55.0,1.0,12.0,6.0,10.0,Boredom,Normal Weight,Nurse,6.5,40,16.8,0.40975609756097564,7.333333333333333
25,Female,Instagram,170.0,6.0,83.0,30.0,33.0,Happiness,Normal Weight,Nurse,6.5,40,64.4,1.5707317073170732,22.666666666666668
32,Female,Whatsapp,105.0,4.0,55.0,25.0,25.0,Anger,Normal Weight,Nurse,7.9,75,42.8,0.5631578947368421,11.797752808988763
29,Female,Snapchat,95.0,2.0,23.0,10.0,28.0,Sadness,Normal Weight,Nurse,6.5,40,31.6,0.7707317073170732,12.666666666666666
22,Female,Facebook,70.0,1.0,14.0,6.0,10.0,Neutral,Normal Weight,Nurse,6.5,40,20.2,0.4926829268292683,9.333333333333334
27,Female,Snapchat,120.0,4.0,40.0,18.0,22.0,Neutral,Normal Weight,Nurse,6.5,40,40.8,0.9951219512195121,16.0
25,Female,Instagram,120.0,5.0,50.0,20.0,25.0,Happiness,Normal Weight,Nurse,6.5,40,44.0,1.0731707317073171,16.0
28,Female,Instagram,200.0,8.0,110.0,40.0,45.0,Anxiety,Normal Weight,Nurse,6.5,40,80.6,1.9658536585365853,26.666666666666668
27,Female,Twitter,85.0,3.0,40.0,18.0,20.0,Anger,Normal Weight,Nurse,6.5,40,33.2,0.8097560975609757,11.333333333333334
29,Female,LinkedIn,55.0,2.0,15.0,5.0,10.0,Neutral,Normal Weight,Nurse,6.5,40,17.4,0.424390243902439,7.333333333333333
23,Female,Twitter,75.0,4.0,45.0,20.0,25.0,Anxiety,Normal Weight,Nurse,6.5,40,33.8,0.824390243902439,10.0
22,Female,Instagram,180.0,8.0,100.0,38.0,45.0,Happiness,Normal Weight,Nurse,6.5,40,74.2,1.8097560975609757,24.0
35,Female,Instagram,125.0,5.0,65.0,22.0,28.0,Anxiety,Normal,Accountant,7.2,60,49.0,0.8032786885245902,15.243902439024392
32,Female,Instagram,140.0,6.0,75.0,28.0,30.0,Happiness,Normal Weight,Nurse,7.9,75,55.8,0.7342105263157894,15.730337078651685
24,Female,Twitter,105.0,4.0,35.0,20.0,23.0,Anger,Normal Weight,Nurse,6.5,40,37.4,0.9121951219512194,14.0
22,Female,Twitter,70.0,3.0,25.0,16.0,15.0,Sadness,Normal Weight,Nurse,6.5,40,25.8,0.6292682926829268,9.333333333333334
25,Female,Instagram,160.0,6.0,85.0,26.0,30.0,Happiness,Normal Weight,Nurse,6.5,40,61.4,1.497560975609756,21.333333333333332
34,Female,LinkedIn,65.0,2.0,17.0,5.0,14.0,Boredom,Overweight,Scientist,5.8,32,20.6,0.6242424242424243,9.558823529411764
21,Female,Instagram,130.0,6.0,95.0,22.0,28.0,Sadness,Normal Weight,Nurse,6.5,40,56.2,1.3707317073170733,17.333333333333332
33,Female,Instagram,170.0,7.0,95.0,30.0,38.0,Happiness,Overweight,Scientist,6.2,50,68.0,1.3333333333333333,23.61111111111111
22,Female,Instagram,115.0,3.0,60.0,17.0,30.0,Neutral,Normal Weight,Nurse,6.5,40,45.0,1.0975609756097562,15.333333333333334
25,Female,Instagram,150.0,6.0,90.0,26.0,30.0,Happiness,Normal Weight,Nurse,6.5,40,60.4,1.473170731707317,20.0
35,Female,LinkedIn,60.0,1.0,15.0,7.0,14.0,Boredom,Normal,Accountant,7.2,60,19.4,0.3180327868852459,7.317073170731708
21,Female,Twitter,90.0,3.0,37.0,14.0,20.0,Sadness,Normal Weight,Nurse,6.5,40,32.8,0.7999999999999999,12.0
28,Female,LinkedIn,55.0,1.0,12.0,6.0,10.0,Boredom,Normal Weight,Nurse,6.5,40,16.8,0.40975609756097564,7.333333333333333
24,Female,Twitter,75.0,3.0,33.0,18.0,19.0,Anger,Normal Weight,Nurse,6.5,40,29.6,0.7219512195121952,10.0
33,Female,Instagram,145.0,4.0,65.0,23.0,35.0,Sadness,Overweight,Scientist,6.2,50,54.4,1.0666666666666667,20.13888888888889
22,Female,Whatsapp,70.0,2.0,42.0,10.0,21.0,Anxiety,Normal Weight,Nurse,6.5,40,29.0,0.7073170731707317,9.333333333333334
28,Female,Twitter,95.0,4.0,48.0,22.0,25.0,Happiness,Normal Weight,Nurse,6.5,40,38.8,0.9463414634146341,12.666666666666666
30,Female,Instagram,175.0,6.0,72.0,30.0,33.0,Happiness,Normal Weight,Nurse,6.4,35,63.2,1.7555555555555555,23.64864864864865
26,Female,Snapchat,120.0,4.0,55.0,18.0,30.0,Anxiety,Normal Weight,Nurse,6.5,40,45.4,1.1073170731707316,16.0
31,Female,Whatsapp,65.0,2.0,27.0,10.0,20.0,Neutral,Normal Weight,Nurse,7.9,75,24.8,0.3263157894736842,7.303370786516854
24,Female,Instagram,140.0,4.0,65.0,22.0,30.0,Happiness,Normal Weight,Nurse,6.5,40,52.2,1.273170731707317,18.666666666666668
29,Female,Whatsapp,90.0,2.0,24.0,12.0,22.0,Anger,Normal Weight,Nurse,6.5,40,30.0,0.7317073170731707,12.0
32,Female,Instagram,155.0,6.0,75.0,25.0,38.0,Happiness,Normal Weight,Nurse,7.9,75,59.8,0.7868421052631579,17.41573033707865
27,Female,Whatsapp,90.0,4.0,37.0,18.0,20.0,Neutral,Normal Weight,Nurse,6.5,40,33.8,0.824390243902439,12.0
34,Female,Instagram,120.0,5.0,60.0,25.0,25.0,Anger,Overweight,Scientist,5.8,32,47.0,1.4242424242424243,17.647058823529413
28,Female,Whatsapp,100.0,4.0,37.0,14.0,26.0,Anxiety,Normal Weight,Nurse,6.5,40,36.2,0.8829268292682928,13.333333333333334
25,Female,Instagram,170.0,6.0,83.0,30.0,33.0,Happiness,Normal Weight,Nurse,6.5,40,64.4,1.5707317073170732,22.666666666666668
32,Female,Whatsapp,105.0,4.0,55.0,25.0,25.0,Anger,Overweight,Scientist,6.2,50,42.8,0.8392156862745097,14.583333333333332
29,Female,Snapchat,95.0,2.0,23.0,10.0,28.0,Sadness,Normal Weight,Nurse,6.5,40,31.6,0.7707317073170732,12.666666666666666
22,Female,Facebook,70.0,1.0,14.0,6.0,10.0,Neutral,Normal Weight,Nurse,6.5,40,20.2,0.4926829268292683,9.333333333333334
27,Female,Snapchat,120.0,4.0,40.0,18.0,22.0,Neutral,Normal Weight,Nurse,6.5,40,40.8,0.9951219512195121,16.0
25,Female,Instagram,120.0,5.0,50.0,20.0,25.0,Happiness,Normal Weight,Nurse,6.5,40,44.0,1.0731707317073171,16.0
28,Female,Instagram,200.0,8.0,110.0,40.0,45.0,Anxiety,Normal Weight,Nurse,6.5,40,80.6,1.9658536585365853,26.666666666666668
27,Female,Twitter,85.0,3.0,40.0,18.0,20.0,Anger,Normal Weight,Nurse,6.5,40,33.2,0.8097560975609757,11.333333333333334
29,Female,LinkedIn,55.0,2.0,15.0,5.0,10.0,Neutral,Normal Weight,Nurse,6.5,40,17.4,0.424390243902439,7.333333333333333
23,Female,Twitter,75.0,4.0,45.0,20.0,25.0,Anxiety,Normal Weight,Nurse,6.5,40,33.8,0.824390243902439,10.0
22,Female,Instagram,180.0,8.0,100.0,38.0,45.0,Happiness,Normal Weight,Nurse,6.5,40,74.2,1.8097560975609757,24.0
35,Female,Instagram,125.0,5.0,65.0,22.0,28.0,Anxiety,Normal,Accountant,7.2,60,49.0,0.8032786885245902,15.243902439024392
32,Female,Instagram,140.0,6.0,75.0,28.0,30.0,Happiness,Normal Weight,Nurse,7.9,75,55.8,0.7342105263157894,15.730337078651685
24,Female,Twitter,105.0,4.0,35.0,20.0,23.0,Anger,Normal Weight,Nurse,6.5,40,37.4,0.9121951219512194,14.0
22,Female,Twitter,70.0,3.0,25.0,16.0,15.0,Sadness,Normal Weight,Nurse,6.5,40,25.8,0.6292682926829268,9.333333333333334
25,Female,Instagram,160.0,6.0,85.0,26.0,30.0,Happiness,Normal Weight,Nurse,6.5,40,61.4,1.497560975609756,21.333333333333332
34,Female,LinkedIn,65.0,2.0,17.0,5.0,14.0,Boredom,Overweight,Scientist,5.8,32,20.6,0.6242424242424243,9.558823529411764
21,Female,Instagram,130.0,6.0,95.0,22.0,28.0,Sadness,Normal Weight,Nurse,6.5,40,56.2,1.3707317073170733,17.333333333333332
33,Female,Instagram,170.0,7.0,95.0,30.0,38.0,Happiness,Overweight,Scientist,6.2,50,68.0,1.3333333333333333,23.61111111111111
22,Female,Instagram,115.0,3.0,60.0,17.0,30.0,Neutral,Normal Weight,Nurse,6.5,40,45.0,1.0975609756097562,15.333333333333334
25,Female,Instagram,150.0,6.0,90.0,26.0,30.0,Happiness,Normal Weight,Nurse,6.5,40,60.4,1.473170731707317,20.0
35,Female,LinkedIn,60.0,1.0,15.0,7.0,14.0,Boredom,Normal,Accountant,7.2,60,19.4,0.3180327868852459,7.317073170731708
21,Female,Twitter,90.0,3.0,37.0,14.0,20.0,Sadness,Normal Weight,Nurse,6.5,40,32.8,0.7999999999999999,12.0
28,Female,LinkedIn,55.0,1.0,12.0,6.0,10.0,Boredom,Normal Weight,Nurse,6.5,40,16.8,0.40975609756097564,7.333333333333333
24,Female,Twitter,75.0,3.0,33.0,18.0,19.0,Anger,Normal Weight,Nurse,6.5,40,29.6,0.7219512195121952,10.0
33,Female,Instagram,145.0,4.0,65.0,23.0,35.0,Sadness,Overweight,Scientist,6.2,50,54.4,1.0666666666666667,20.13888888888889
22,Female,Whatsapp,70.0,2.0,42.0,10.0,21.0,Anxiety,Normal Weight,Nurse,6.5,40,29.0,0.7073170731707317,9.333333333333334
28,Female,Twitter,95.0,4.0,48.0,22.0,25.0,Happiness,Normal Weight,Nurse,6.5,40,38.8,0.9463414634146341,12.666666666666666
30,Female,Instagram,175.0,6.0,72.0,30.0,33.0,Happiness,Normal Weight,Nurse,6.4,35,63.2,1.7555555555555555,23.64864864864865
26,Female,Snapchat,120.0,4.0,55.0,18.0,30.0,Anxiety,Normal Weight,Nurse,6.5,40,45.4,1.1073170731707316,16.0
31,Female,Whatsapp,65.0,2.0,27.0,10.0,20.0,Neutral,Normal Weight,Nurse,7.9,75,24.8,0.3263157894736842,7.303370786516854
24,Female,Instagram,140.0,4.0,65.0,22.0,30.0,Happiness,Normal Weight,Nurse,6.5,40,52.2,1.273170731707317,18.666666666666668
29,Female,Whatsapp,90.0,2.0,24.0,12.0,22.0,Anger,Normal Weight,Nurse,6.5,40,30.0,0.7317073170731707,12.0
32,Female,Instagram,155.0,6.0,75.0,25.0,38.0,Happiness,Overweight,Scientist,6.2,50,59.8,1.1725490196078432,21.52777777777778
27,Female,Whatsapp,90.0,4.0,37.0,18.0,20.0,Neutral,Normal Weight,Nurse,6.5,40,33.8,0.824390243902439,12.0
34,Female,Instagram,120.0,5.0,60.0,25.0,25.0,Anger,Overweight,Scientist,5.8,32,47.0,1.4242424242424243,17.647058823529413
28,Female,Whatsapp,100.0,4.0,37.0,14.0,26.0,Anxiety,Normal Weight,Nurse,6.5,40,36.2,0.8829268292682928,13.333333333333334
25,Female,Instagram,170.0,6.0,83.0,30.0,33.0,Happiness,Normal Weight,Nurse,6.5,40,64.4,1.5707317073170732,22.666666666666668
32,Female,Whatsapp,105.0,4.0,55.0,25.0,25.0,Anger,Normal Weight,Nurse,7.9,75,42.8,0.5631578947368421,11.797752808988763
29,Female,Snapchat,95.0,2.0,23.0,10.0,28.0,Sadness,Normal Weight,Nurse,6.5,40,31.6,0.7707317073170732,12.666666666666666
22,Female,Facebook,70.0,1.0,14.0,6.0,10.0,Neutral,Normal Weight,Nurse,6.5,40,20.2,0.4926829268292683,9.333333333333334
27,Female,Snapchat,120.0,4.0,40.0,18.0,22.0,Neutral,Normal Weight,Nurse,6.5,40,40.8,0.9951219512195121,16.0
